{
	"credit": "Bloodraw <[Version]>",
	"parent": "block/block",
	"textures": {
		"particle": "#side"
	},
	"ambientocclusion": false,
	"elements": [
		{
			"from": [0, 0, 0],
			"to": [16, 16, 0],
			"faces": {
				"north": {"uv": [0, 0, 16, 16], "texture": "#side"},
				"south": {"uv": [16, 0, 0, 16], "texture": "#side"}
			}
		},
		{
			"from": [0, 0, 16],
			"to": [16, 16, 16],
			"rotation": {"angle": 0, "axis": "y", "origin": [0, 0, 16]},
			"faces": {
				"north": {"uv": [0, 0, 16, 16], "texture": "#side"},
				"south": {"uv": [16, 0, 0, 16], "texture": "#side"}
			}
		},
		{
			"from": [0, 0, 0],
			"to": [0, 16, 16],
			"rotation": {"angle": 0, "axis": "y", "origin": [8, 8, 8]},
			"faces": {
				"east": {"uv": [0, 0, 16, 16], "texture": "#side"},
				"west": {"uv": [16, 0, 0, 16], "texture": "#side"}
			}
		},
		{
			"from": [0, 0, 0],
			"to": [16, 0, 16],
			"rotation": {"angle": 0, "axis": "z", "origin": [8, 0, 8]},
			"faces": {
				"up": {"uv": [16, 0, 0, 16], "rotation": 90, "texture": "#bottom"},
				"down": {"uv": [0, 0, 16, 16], "rotation": 90, "texture": "#bottom"}
			}
		},
		{
			"from": [0, 16, 0],
			"to": [16, 16, 16],
			"rotation": {"angle": 0, "axis": "z", "origin": [8, 16, 8]},
			"faces": {
				"up": {"uv": [16, 0, 0, 16], "rotation": 90, "texture": "#top"},
				"down": {"uv": [0, 0, 16, 16], "rotation": 90, "texture": "#top"}
			}
		},
		{
			"from": [16, 0, 0],
			"to": [16, 16, 16],
			"rotation": {"angle": 0, "axis": "y", "origin": [8, 8, 8]},
			"faces": {
				"east": {"uv": [0, 0, 16, 16], "texture": "#side"},
				"west": {"uv": [16, 0, 0, 16], "texture": "#side"}
			}
		},
		{
			"from": [1, 0, 1],
			"to": [15, 5, 6],
			"rotation": {"angle": 0, "axis": "y", "origin": [1, 0, 1]},
			"faces": {
				"north": {"uv": [2, 4, 16, 9], "texture": "#base"},
				"east": {"uv": [9, 11, 14, 16], "texture": "#base"},
				"south": {"uv": [0, 0, 14, 5], "texture": "#base", "cullface": "down"},
				"west": {"uv": [0, 0, 5, 5], "texture": "#base"},
				"up": {"uv": [15, 15, 1, 10], "texture": "#base"},
				"down": {"uv": [1, 10, 15, 15], "texture": "#base", "cullface": "down"}
			}
		},
		{
			"from": [1, 0, 10],
			"to": [15, 5, 15],
			"rotation": {"angle": 0, "axis": "y", "origin": [1, 0, 10]},
			"faces": {
				"north": {"uv": [0, 0, 14, 5], "texture": "#base", "cullface": "down"},
				"east": {"uv": [0, 11, 5, 16], "texture": "#base"},
				"south": {"uv": [0, 7, 14, 12], "texture": "#base"},
				"west": {"uv": [9, 0, 14, 5], "texture": "#base"},
				"up": {"uv": [1, 1, 15, 6], "texture": "#base"},
				"down": {"uv": [1, 1, 15, 6], "texture": "#base", "cullface": "down"}
			}
		},
		{
			"from": [10, 0, 6],
			"to": [15, 5, 10],
			"rotation": {"angle": 0, "axis": "y", "origin": [1, 0, 6]},
			"faces": {
				"east": {"uv": [5, 11, 9, 16], "texture": "#base"},
				"west": {"uv": [0, 0, 4, 5], "texture": "#base", "cullface": "down"},
				"up": {"uv": [6, 10, 1, 6], "texture": "#base"},
				"down": {"uv": [1, 6, 6, 10], "texture": "#base", "cullface": "down"}
			}
		},
		{
			"from": [1, 0, 6],
			"to": [6, 5, 10],
			"rotation": {"angle": 0, "axis": "y", "origin": [-8, 0, 6]},
			"faces": {
				"east": {"uv": [0, 0, 4, 5], "texture": "#base", "cullface": "down"},
				"west": {"uv": [5, 0, 9, 5], "texture": "#base"},
				"up": {"uv": [15, 10, 10, 6], "texture": "#base"},
				"down": {"uv": [10, 6, 15, 10], "texture": "#base", "cullface": "down"}
			}
		},
		{
			"from": [4, 3, 4],
			"to": [12, 11, 12],
			"rotation": {"angle": 0, "axis": "y", "origin": [4, 4, 11]},
			"faces": {
				"north": {"uv": [4, 4, 12, 12], "texture": "#core"},
				"east": {"uv": [4, 4, 12, 12], "texture": "#core"},
				"south": {"uv": [4, 4, 12, 12], "texture": "#core"},
				"west": {"uv": [4, 4, 12, 12], "texture": "#core"},
				"up": {"uv": [4, 4, 12, 12], "texture": "#core"},
				"down": {"uv": [4, 4, 12, 12], "texture": "#core", "cullface": "down"}
			}
		},
		{
			"from": [2, 5, 6],
			"to": [14, 9, 10],
			"rotation": {"angle": 0, "axis": "y", "origin": [8, 7, 8]},
			"faces": {
				"north": {"uv": [5, 6, 11, 10], "texture": "#core"},
				"east": {"uv": [6, 6, 10, 10], "texture": "#core"},
				"south": {"uv": [5, 6, 11, 10], "texture": "#core"},
				"west": {"uv": [6, 6, 10, 10], "texture": "#core"},
				"up": {"uv": [6, 5, 10, 11], "rotation": 90, "texture": "#core"}
			}
		},
		{
			"from": [6, 11, 6],
			"to": [10, 13, 10],
			"rotation": {"angle": 0, "axis": "z", "origin": [8, 7, 8]},
			"faces": {
				"north": {"uv": [6, 5, 10, 7], "rotation": 180, "texture": "#core"},
				"east": {"uv": [9, 6, 11, 10], "rotation": 270, "texture": "#core"},
				"south": {"uv": [5, 6, 7, 10], "rotation": 270, "texture": "#core"},
				"west": {"uv": [6, 9, 10, 11], "texture": "#core"},
				"up": {"uv": [6, 6, 10, 10], "rotation": 270, "texture": "#core"}
			}
		},
		{
			"from": [6, 5, 2],
			"to": [10, 9, 14],
			"rotation": {"angle": 0, "axis": "y", "origin": [8, 7, 8]},
			"faces": {
				"north": {"uv": [6, 6, 10, 10], "texture": "#core"},
				"east": {"uv": [5, 6, 11, 10], "texture": "#core"},
				"south": {"uv": [6, 6, 10, 10], "texture": "#core"},
				"west": {"uv": [5, 6, 11, 10], "texture": "#core"},
				"up": {"uv": [6, 5, 10, 11], "texture": "#core"}
			}
		}
	]
}