{
	"credit": "Bloodraw <[Version]>",
	"parent": "block/block",
	"textures": {
		"particle": "#texture"
	},
	"elements": [
		{
			"from": [5 , -1, 6 ],
			"to"  : [11,  2, 10],
			"faces": {
				"north": {"uv": [11, 7 , 5 , 4 ], "texture": "#texture"                    },
				"east" : {"uv": [10, 6 , 13, 10], "texture": "#texture", "rotation": 90    },
				"south": {"uv": [5 , 9 , 11, 12], "texture": "#texture"                    },
				"west" : {"uv": [3 , 10, 6 , 6 ], "texture": "#texture", "rotation": 90    },
				"up"   : {"uv": [5 , 6 , 11, 10], "texture": "#texture"                    },
				"down" : {"uv": [5 , 10, 11, 6 ], "texture": "#texture", "cullface": "down"}
			}
		}
	]
}
