{
	"credit": "Bloodraw <[Version]>",
	"parent": "block/cube_all",
	"ambientocclusion": false,
	"elements": [
		{
			"from": [0 , 0 , 0 ],
			"to"  : [16, 16, 16],
			"faces": {
				"north": {"texture": "#all", "cullface": "north"},
				"east" : {"texture": "#all", "cullface": "east" },
				"south": {"texture": "#all", "cullface": "south"},
				"west" : {"texture": "#all", "cullface": "west" },
				"up"   : {"texture": "#all", "cullface": "up"   },
				"down" : {"texture": "#all", "cullface": "down" }
			}
		},
		{
			"from": [0 , 0 , 0],
			"to"  : [16, 16, 0],
			"faces": {
				"south": {"texture": "#all", "cullface": "north"}
			}
		},
		{
			"from": [0 , 0 , 16],
			"to"  : [16, 16, 16],
			"faces": {
				"north": {"texture": "#all", "cullface": "south"}
			}
		},
		{
			"from": [16, 0 , 0 ],
			"to"  : [16, 16, 16],
			"faces": {
				"west": {"texture": "#all", "cullface": "east"}
			}
		},
		{
			"from": [0, 0 , 0 ],
			"to"  : [0, 16, 16],
			"faces": {
				"east": {"texture": "#all", "cullface": "west"}
			}
		},
		{
			"from": [0 , 16, 0 ],
			"to"  : [16, 16, 16],
			"faces": {
				"down": {"texture": "#all", "cullface": "up"}
			}
		},
		{
			"from": [0 , 0, 0 ],
			"to"  : [16, 0, 16],
			"faces": {
				"up": {"texture": "#all", "cullface": "down"}
			}
		}
	]
}