{
	"credit": "Bloodraw <[Version]>",
	"parent": "block/block",
	"textures": {
        "particle": "#texture"
    },
	"elements": [
		{
			"from": [0 , 13, 0 ],
			"to"  : [16, 14, 16],
			"rotation": {"angle": 0, "axis": "y", "origin": [0, 13, 0]},
			"faces": {
				"north": {"uv": [16, 0 , 0 , 1 ], "texture": "#texture", "cullface": "north"                },
				"east" : {"uv": [15, 0 , 16, 16], "texture": "#texture", "cullface": "east" , "rotation": 90},
				"south": {"uv": [0 , 15, 16, 16], "texture": "#texture", "cullface": "south"                },
				"west" : {"uv": [0 , 16, 1 , 0 ], "texture": "#texture", "cullface": "west" , "rotation": 90},
				"down" : {"uv": [0 , 16, 16, 0 ], "texture": "#texture"                                     }
			}
		},
		{
			"from": [0 , 14, 0 ],
			"to"  : [16, 15, 16],
			"rotation": {"angle": 0, "axis": "y", "origin": [0, 14, 0]},
			"faces": {
				"north": {"uv": [16, 1 , 0 , 2 ], "texture": "#texture", "cullface": "north"                },
				"east" : {"uv": [14, 0 , 15, 16], "texture": "#texture", "cullface": "east" , "rotation": 90},
				"south": {"uv": [0 , 14, 16, 15], "texture": "#texture", "cullface": "south"                },
				"west" : {"uv": [1 , 16, 2 , 0 ], "texture": "#texture", "cullface": "west" , "rotation": 90}
			}
		},
		{
			"from": [0 , 15, 0 ],
			"to"  : [16, 16, 16],
			"rotation": {"angle": 0, "axis": "y", "origin": [0, 13, 0]},
			"faces": {
				"north": {"uv": [16, 0 , 0 , 1 ], "texture": "#texture", "cullface": "north"                },
				"east" : {"uv": [15, 0 , 16, 16], "texture": "#texture", "cullface": "east" , "rotation": 90},
				"south": {"uv": [0 , 15, 16, 16], "texture": "#texture", "cullface": "south"                },
				"west" : {"uv": [0 , 16, 1 , 0 ], "texture": "#texture", "cullface": "west" , "rotation": 90},
				"up"   : {"uv": [0 , 0 , 16, 16], "texture": "#texture", "cullface": "up"                   }
			}
		}
	]
}