{
	"credit": "Bloodraw <[Version]>",
	"parent": "block/block",
	"textures": {
        "particle": "#texture"
    },
	"elements": [
		{
			"from": [0 , 0 , 0],
			"to"  : [16, 16, 1],
			"rotation": {"angle": 0, "axis": "x", "origin": [0, 16, 0]},
			"faces": {
				"north": {"uv": [0 , 16, 16, 0 ], "texture": "#texture", "cullface": "north", "rotation": 180},
				"east" : {"uv": [15, 0 , 16, 16], "texture": "#texture", "cullface": "east"                  },
				"west" : {"uv": [0 , 16, 1 , 0 ], "texture": "#texture", "cullface": "west" , "rotation": 180},
				"up"   : {"uv": [16, 0 , 0 , 1 ], "texture": "#texture", "cullface": "up"   , "rotation": 180},
				"down" : {"uv": [0 , 15, 16, 16], "texture": "#texture", "cullface": "down"                  }
			}
		},
		{
			"from": [0 , 0 , 1],
			"to"  : [16, 16, 2],
			"rotation": {"angle": 0, "axis": "x", "origin": [0, 16, 1]},
			"faces": {
				"east": {"uv": [14, 0 , 15, 16], "texture": "#texture", "cullface": "east"                 },
				"west": {"uv": [1 , 16, 2 , 0 ], "texture": "#texture", "cullface": "west", "rotation": 180},
				"up"  : {"uv": [16, 1 , 0 , 2 ], "texture": "#texture", "cullface": "up"  , "rotation": 180},
				"down": {"uv": [0 , 14, 16, 15], "texture": "#texture", "cullface": "down"                 }
			}
		},
		{
			"from": [0 , 0 , 2],
			"to"  : [16, 16, 3],
			"rotation": {"angle": 0, "axis": "x", "origin": [0, 16, 0]},
			"faces": {
				"east" : {"uv": [15, 0 , 16, 16], "texture": "#texture", "cullface": "east"                 },
				"south": {"uv": [0 , 0 , 16, 16], "texture": "#texture"                                     },
				"west" : {"uv": [0 , 16, 1 , 0 ], "texture": "#texture", "cullface": "west", "rotation": 180},
				"up"   : {"uv": [16, 0 , 0 , 1 ], "texture": "#texture", "cullface": "up"  , "rotation": 180},
				"down" : {"uv": [0 , 15, 16, 16], "texture": "#texture", "cullface": "down"                 }
			}
		}
	]
}