{   
	"credit": "Bloodraw <[Version]>",
	"parent": "block/thin_block",
	"textures": {
		"particle": "<[Var1]>",
		"texture" : "<[Var1]>",
		"side"    : "<[Var2]>"
	},
	"elements": [
		{   "from": [ 0, 0, 0 ],
			"to"  : [ 16, <[Var3]>, 16 ],
			"faces": {
				"down" : { "uv": [ 0, 0, 16, 16 ], "texture": "#texture", "cullface": "down" },
				"up"   : { "uv": [ 0, 0, 16, 16 ], "texture": "#texture" },
				"north": { "uv": [ 0, <[Var4]>, 16, 16 ], "texture": "#side", "cullface": "north" },
				"south": { "uv": [ 0, <[Var4]>, 16, 16 ], "texture": "#side", "cullface": "south" },
				"west" : { "uv": [ 0, <[Var4]>, 16, 16 ], "texture": "#side", "cullface": "west" },
				"east" : { "uv": [ 0, <[Var4]>, 16, 16 ], "texture": "#side", "cullface": "east" }
			}
		}
	]
}
