{
	"credit": "Bloodraw <[Version]>",
	"parent": "item/generated",
	"display": {
		"thirdperson_righthand": {
			"rotation": [ 0, -90, 55 ],
			"translation": [ 0, 4, 0.5 ],
			"scale": [ 0.85, 0.85, 0.85 ]
		},
		"thirdperson_lefthand": {
			"rotation": [ 0, 90, -55 ],
			"translation": [ 0, 4.0, 0.5 ],
			"scale": [ 0.85, 0.85, 0.85 ]
		},
		"firstperson_righthand": {
			"rotation": [ 0, -90, 59 ],
			"translation": [ 2.13, 4.7, -0.37 ],
			"scale": [ 0.68, 0.68, 0.68 ]
		},
		"firstperson_lefthand": {
			"rotation": [ 0, 90, -59 ],
			"translation": [ 2.13, 4.7, -0.37 ],
			"scale": [ 0.68, 0.68, 0.68 ]
		}
	}
}
