{
	"variants": {
		"facing=north,half=top,open=false": { "model": "<[Var1]>"          },
		"facing=south,half=top,open=false": { "model": "<[Var1]>", "y": 180},
		"facing=east,half=top,open=false" : { "model": "<[Var1]>", "y": 90 },
		"facing=west,half=top,open=false" : { "model": "<[Var1]>", "y": 270},
		
		"facing=north,half=top,open=true": { "model": "<[Var3]>", "y": 180},
		"facing=south,half=top,open=true": { "model": "<[Var3]>"          },
		"facing=east,half=top,open=true" : { "model": "<[Var3]>", "y": 270},
		"facing=west,half=top,open=true" : { "model": "<[Var3]>", "y": 90 },
		
		"facing=north,half=bottom,open=false": { "model": "<[Var2]>"          },
		"facing=south,half=bottom,open=false": { "model": "<[Var2]>", "y": 180},
		"facing=east,half=bottom,open=false" : { "model": "<[Var2]>", "y": 90 },
		"facing=west,half=bottom,open=false" : { "model": "<[Var2]>", "y": 270},
		
		"facing=north,half=bottom,open=true": { "model": "<[Var3]>"          , "x": 180},
		"facing=south,half=bottom,open=true": { "model": "<[Var3]>", "y": 180, "x": 180},
		"facing=east,half=bottom,open=true" : { "model": "<[Var3]>", "y": 90 , "x": 180},
		"facing=west,half=bottom,open=true" : { "model": "<[Var3]>", "y": 270, "x": 180}
	}
}
