{
	"Parent": "10-a1.0.5.json",
	
	"Name"  : "a1.0.11",
	"Type"  : "Version",
	"Dev"   : false,
	
	"Add": ["ReplacePack.json"],
	
	"Files": {
		"terrain.png": [ "Atlas", {
				"5" : {
					"4" : ["Texture", "R/T/B/Cactus_Top.png"]
				},
				"6" : {
					"4" : ["Texture", "R/T/B/Cactus.png"]
				},
				"7" : {
					"4" : ["Texture", "R/T/B/Cactus_Bottom.png"]
				},
				"8" : {
					"4" : ["Texture", "R/T/B/Clay.png"]
				},
				"9" : {
					"4" : ["Texture", "R/T/B/Sugarcane.png"]
				}
			}
		],
		"gui/items.png": [ "Atlas", {
				"6" : {
					"1" : ["Texture", "R/T/I/Brick.png"]
				},
				"7" : {
					"6" : ["Texture", "R/T/I/Leather.png"]
				},
				"8" : {
					"8" : ["Texture", "R/T/I/Boat.png"]
				},
				"9" : {
					"3" : ["Texture", "R/T/I/Clay.png"]
				},
				"10" : {
					"3" : ["Texture", "R/T/I/Paper.png"]
				},
				"11" : {
					"1" : ["Texture", "R/T/I/Sugarcane.png"],
					"3" : ["Texture", "R/T/I/Book.png"]
				},
				"13" : {
					"4" : ["Texture", "R/T/I/Bucket_Milk.png"]
				},
				"14" : {
					"1" : ["Texture", "R/T/I/Slime.png"]
				}
			}
		],
		"item/boat.png": ["Texture", "R/T/E/Boat.png"],
		"mob/cow.png"  : ["Texture", "R/T/E/Cow.png"],
		"mob/slime.png": ["Texture", "R/T/E/Slime.png"]
	}
}