{
	"Parent": "11-A1.0.5_01.json",
	
	"Name"  : "A1.0.11",
	"Type"  : "Version",
	"Dev"   : false,
	
	"Add": ["ReplacePack.json"],
	
	"Files": {
		"terrain.png": [ "Atlas", {
				"5" : {
					"6"  : ["Texture", "R/T/B/Cactus_Top.png"],
					"7"  : ["Texture", "R/T/B/Cactus.png"],
					"8"  : ["Texture", "R/T/B/Cactus_Bottom.png"],
					"9"  : ["Texture", "R/T/B/Clay.png"],
					"10" : ["Texture", "R/T/B/Sugarcane.png"]
				}
			}
		],
		"gui/items.png": [ "Atlas", {
				"2" : {
					"7" : ["Texture", "R/T/I/Brick.png"],
					
					"12": ["Texture", "R/T/I/Sugarcane.png"],
					
					"15": ["Texture", "R/T/I/Slime.png"]
				},
				"4" : {
					"10": ["Texture", "R/T/I/Clay.png"],
					"11": ["Texture", "R/T/I/Paper.png"],
					"12": ["Texture", "R/T/I/Book.png"]
				},
				"5" : {
					"14": ["Texture", "R/T/I/Bucket_Milk.png"]
				},
				"7" : {
					"8": ["Texture", "R/T/I/Leather.png"]
				},
				"9" : {
					"9": ["Texture", "R/T/I/Boat.png"]
				}
			}
		],
		"item/boat.png": ["Texture", "R/T/E/Boat.png"],
		"mob/cow.png"  : ["Texture", "R/T/E/Cow.png"],
		"mob/slime.png": ["Texture", "R/T/E/Slime.png"]
	}
}