{
	"Parent": "12-A1.0.11.json",
	
	"Name"  : "A1.0.14",
	"Type"  : "Version",
	"Dev"   : false,
	
	"Add": ["ReplacePack.json"],
	
	"Files": {
		"terrain.png": [ "Atlas", {
				"5" : {
					"11" : ["Texture", "R/T/B/Note.png"],
					"12" : ["Texture", "R/T/B/Jukebox.png"]
				}
			}
		],
		"gui/items.png": [ "Atlas", {
				"1" : {
					"13" : ["Texture", "R/T/I/Egg.png"]
				},
				"10": {
					"8" : ["Texture", "R/T/I/Minecart_Chest.png"]
				},
				"11": {
					"8" : ["Texture", "R/T/I/Minecart_Furnace.png"]
				},
				"16": {
					"1" : ["Texture", "R/T/I/Record_13.png"],
					"2" : ["Texture", "R/T/I/Record_Cat.png"]
				}
			}
		],
		"mob/chicken.png"   : ["Texture", "R/T/E/Chicken.png"],
		"title/splashes.txt": ["Splashes", 0]
	}
}