{
	"Parent": "17-a1.1.2.json",
	
	"Name"  : "a1.2.0",
	"Type"  : "Version",
	"Dev"   : false,
	
	"Add": ["ReplacePack.json"],
	
	"Files": {
		"terrain.png": [ "Atlas", {
				"0" : {
					"0" : ["Texture", "R/T/B/Grass.png"]
				},
				"4" : {
					"3" : ["Texture", "R/T/B/Leaves.texture"]
				},
				"5" : {
					"3" : ["Texture", "R/T/B/Leaves_Solid.texture"]
				},
				"6" : {
					"6" : ["Texture", "R/T/B/Pumpkin_Top.png"],
					"7" : ["Texture", "R/T/B/Pumpkin.png"]
				},
				"7" : {
					"6" : ["Texture", "R/T/B/Nether.png"],
					"7" : ["Texture", "R/T/B/Pumpkin_Face.png"]
				},
				"8" : {
					"6" : ["Texture", "R/T/B/Soulsand.png"],
					"7" : ["Texture", "R/T/B/Pumpkin_Face_On.png", [["Frame"]]]
				},
				"9" : {
					"6" : ["Texture", "R/T/B/Glowstone.png", [["Frame"]]]
				},
				"14" : {
					"0" : ["Texture", "R/T/B/Portal.png", [["Frame"]]]
				}
			}
		],
		"pumpkin.png": ["Texture", "R/T/B/Pumpkin_Face.png"],
		"gui/items.png": [ "Atlas", {
				"6" : {
					"4" : ["Texture", "R/T/I/Clock.png"]
				},
				"9" : {
					"4" : ["Texture", "R/T/I/Glowstone.png", [["Frame"]]],
					"5" : ["Texture", "R/T/I/Fish.png", [["Frame"]]]
				},
				"10" : {
					"5" : ["Texture", "R/T/I/Fish_Cooked.png", [["Frame"]]]
				}
			}
		],
		"particles.png": [ "Atlas", {
				"1" : {
					"2" : ["Texture", "R/T/P/Float.png"]
				}
			}
		],
		"misc/dial.png"        : ["Texture", "R/T/O/Clock.png"],
		"misc/foliagecolor.png": ["Texture", "R/T/O/Colormap_Leaves.png"],
		"misc/grasscolor.png"  : ["Texture", "R/T/O/Colormap_Grass.png"],
		"misc/pumpkinblur.png" : ["Texture", "R/T/UI/Overlay_Pumpkin.png"],
		
		"mob/ghast.png"     : ["Texture", "R/T/E/Ghast.png"],
		"mob/ghast_fire.png": ["Texture", "R/T/E/Ghast_Fire.png"],
		"mob/pigzombie.png" : ["Texture", "R/T/E/Pig_Zombie.png"]
	}
}