{
	"Parent": "17-A1.1.0.json",
	
	"Name"  : "A1.1.2_01",
	"Type"  : "Version",
	"Dev"   : false,
	
	"Add": ["ReplacePack.json"],
	
	"Files": {
		"gui/items.png": [ "Atlas", {
				"5" : {
					"6" : ["Texture", "R/T/I/Fishing.png"]
				}
			}
		],
		"art/kz.png": [ "Atlas", {
				"3" : {
					"9"  : ["Painting", 2, 1],
					"10" : false
				},
				"4" : {
					"13" : false,
					"14" : false,
					"15" : false,
					"16" : false
				},
				"5" : {
					"2"  : ["Painting", 1, 2],
					
					"13" : ["Painting", 4, 3],
					"14" : false,
					"15" : false,
					"16" : false
				},
				"6" : {
					"2"  : false,
					
					"13" : false,
					"14" : false,
					"15" : false,
					"16" : false
				},
				"7" : {
					"13" : false,
					"14" : false,
					"15" : false,
					"16" : false
				},
				"8" : {
					"13" : ["Painting", 4, 3],
					"14" : false,
					"15" : false,
					"16" : false
				},
				"9" : {
					"13" : false,
					"14" : false,
					"15" : false,
					"16" : false
				},
				"10": {
					"13" : false,
					"14" : false,
					"15" : false,
					"16" : false
				},
				"13": {
					"5"  : ["Painting", 4, 4],
					"6"  : false,
					"7"  : false,
					"8"  : false
				},
				"14": {
					"5"  : false,
					"6"  : false,
					"7"  : false,
					"8"  : false
				},
				"15": {
					"5"  : false,
					"6"  : false,
					"7"  : false,
					"8"  : false
				},
				"16": {
					"5"  : false,
					"6"  : false,
					"7"  : false,
					"8"  : false
				}
			}
		]
	}
}