{
	"Parent": "29-b1.4.json",
	
	"Name"  : "b1.5",
	"Type"  : "Version",
	"Dev"   : false,
	
	"Add": ["TexturePack.json"],
	
	"Files": {
		"terrain.png": [ "Atlas", {
				"3" : {
					"10" : ["Texture", "R/T/B/Rail_Accelerator.png"],
					"11" : ["Texture", "R/T/B/Rail_Accelerator_On.png"],
					"12" : ["Texture", "R/T/B/Rail_Detector.png"]
				},
				"4" : {
					"11" : ["Texture", "R/T/B/Redstone_Cross_Overlay.png"]
				},
				"5" : {
					"11" : ["Texture", "R/T/B/Redstone_Line_Overlay.png"]
				},
				"6" : {
					"2" : ["Texture", "R/T/B/Dirt_Grass_Side_Overlay.png"]
				},
				"15" : {
					"3" : ["Texture", "R/T/B/Sapling_Spruce.png"],
					"4" : ["Texture", "R/T/B/Sapling_Birch.png"]
				}
			}
		],
		
		"gui/slot.png"      : ["Texture", "R/T/U/Stats.texture"],
		"armor/power.png"   : ["Texture", "R/T/E/Creeper_Charge.png"],
		"achievement/bg.png": ["Texture", "R/T/U/Achievement_Old.png"],
		
		"misc/footpring.png": ["Texture", "R/T/P/Footprint.png"]
	}
}