{
	"Parent": "30-b1.5.json",
	
	"Name"  : "b1.6",
	"Type"  : "Version",
	"Dev"   : false,
	
	"Add": ["TexturePack.json"],
	
	"Files": {
		"terrain.png": [ "Atlas", {
				"1": {
					"16": ["Texture", "R/T/B/Destroy_0.png"]
				},
				"2": {
					"16": ["Texture", "R/T/B/Destroy_1.png"]
				},
				"3": {
					"16": ["Texture", "R/T/B/Destroy_2.png"]
				},
				"4": {
					"16": ["Texture", "R/T/B/Destroy_3.png"]
				},
				"5": {
					"6" : ["Texture", "R/T/B/Trapdoor.png"],
					"16": ["Texture", "R/T/B/Destroy_4.png"]
				},
				"6": {
					"16": ["Texture", "R/T/B/Destroy_5.png"]
				},
				"7": {
					"16": ["Texture", "R/T/B/Destroy_6.png"]
				},
				"8": {
					"3" : ["Texture", "R/T/B/Grass_Tall.png"],
					"4" : ["Texture", "R/T/B/Bush_Dead.png"],
					"16": ["Texture", "R/T/B/Destroy_7.png"]
				},
				"9": {
					"3" : ["Texture", "R/T/B/Grass.png"],
					"4" : ["Texture", "R/T/B/Grass_Fern.png"],
					"16": ["Texture", "R/T/B/Destroy_8.png"]
				},
				"10": {
					"16": ["Texture", "R/T/B/Destroy.png"]
				}
			}
		],
		"gui/items.png": [ "Atlas", {
				"6": {
					"6": ["Texture", "R/T/I/Fishing_Empty.png"]
				},
				"13": {
					"4": ["Texture", "R/T/I/Map.png"]
				}
			}
		],
		"misc/watercolor.png": ["Texture", "R/T/O/Colormap_Water.png"],
		"misc/mapbg.png"     : ["Texture", "R/T/GUI/Map.png"],
		"misc/mapicons.png"  : ["Texture", "R/T/GUI/Map_Icons.png"]
	}
}