{
	"Parent": "31-b1.6.json",
	
	"Name"  : "b1.7",
	"Type"  : "Version",
	"Dev"   : false,
	
	"Add": ["TexturePack.json"],
	
	"Files": {
		"terrain.png": [ "Atlas", {
				"6": {
					"10": ["Texture", "R/T/B/Bed_Back.png"]
				},
				"7": {
					"10": ["Texture", "R/T/B/Bed_Left.png"]
				},
				"8": {
					"10": ["Texture", "R/T/B/Bed_Right.png"]
				},
				"9": {
					"10": ["Texture", "R/T/B/Bed_Front.png"]
				},
				"11": {
					"7": ["Texture", "R/T/B/Piston_Slime.png"],
					"8": ["Texture", "R/T/B/Cake.png"]
				},
				"12": {
					"7": ["Texture", "R/T/B/Piston.png"],
					"8": ["Texture", "R/T/B/Cake_Inner.png"]
				},
				"13": {
					"7": ["Texture", "R/T/B/Piston_Side.png"]
				},
				"14": {
					"7": ["Texture", "R/T/B/Piston_Bottom.png"]
				},
				"15": {
					"7": ["Texture", "R/T/B/Piston_Inner.png"]
				}
			}
		],
		"mob/silverfish.png": ["Texture", "R/T/E/Silverfish.png"],
		"gui/items.png": [ "Atlas", {
				"14": {
					"6": ["Texture", "R/T/I/Shears.png"]
				}
			}
		]
	}
}