{
	"Parent": "36-1.2.json",
	
	"Name"  : "1.3",
	"Type"  : "Version",
	"Dev"   : false,
	
	"Add": ["TexturePack.json"],
	
	"Files": {
		"terrain.png": ["Atlas", {
			"8": {
				"10": ["Texture", "R/T/B/Cocoa.png"]
			},
			"9": {
				"1" : ["Texture", "R/T/B/Emerald.png"],
				"2" : null,
				"3" : null,
				"10": ["Texture", "R/T/B/Cocoa_1.png"]
			},
			"10": {
				"1" : null,
				"2" : null,
				"3" : null,
				"10": ["Texture", "R/T/B/Cocoa_0.png"]
			},
			"11": {
				"1" : null,
				"10": ["Texture", "R/T/B/Emerald_Ore.png"]
			},
			"12": {
				"10": ["Texture", "R/T/B/Trap.png"]
			},
			"13": {
				"10": ["Texture", "R/T/B/String.texture"]
			}
		}],
		
		"item/enderchest.png": ["Texture", "R/T/E/Chest_End.png"],
		
		"gui/allitems.png": ["Texture", "R/T/U/Creative_Tabs.png"],
		"gui/book.png"    : ["Texture", "R/T/U/Book.png"],
		"gui/demo_bg.png" : ["Texture", "R/T/U/Demo.png"],
		"gui/trading.png" : ["Texture", "R/T/U/Trade.texture"],
		
		"gui/creative_inv/list_items.png"  : ["Texture", "R/T/U/Creative.texture"],
		"gui/creative_inv/search.png"      : ["Texture", "R/T/U/Creative_Search.texture"],
		"gui/creative_inv/survival_inv.png": ["Texture", "R/T/U/Creative_Inventory_Old.texture"],
		
		"gui/items.png": ["Atlas", {
			"10": {
				"10": ["Texture", "R/T/I/Ruby.png"],
				"11": ["Texture", "R/T/I/Emerald.png"]
			},
			"11": {
				"11": ["Texture", "R/T/I/Book_Write.png"]
			},
			"12": {
				"11": ["Texture", "R/T/I/Book_Write_Finish.png"]
			}
		}]
	}
}