{
	"Parent": "39-1.5.json",
	
	"Name"  : "1.6",
	"Type"  : "Version",
	//"Dev"   : false,
	
	"Add": ["ResourcePack.json"],
	
	"PackFormat": 1,
	
	"Files": {
		"assets/minecraft/": {
			"textures/": {
				"particle/particles.png": "particles.png",
				"particle/footprint.png": "misc/footprint.png"
			}
		},
		
		"textures/": null,
		
		"particles.png": null,
		"terrain.png"  : null,
		
		"achievement/": null,
		"armor/"      : null,
		"art/"        : null,
		"environment/": null,
		"font/"       : null,
		"gui/"        : null,
		"item/"       : null,
		"misc/"       : null,
		"mob/"        : null,
		"title/"      : null
	}
}