{
	"Parent": "7-c0.30.json",
	
	"Name"  : "inf20100618",
	"Type"  : "Version",
	"Dev"   : false,
	
	"Add": ["ReplacePack.json"],
	
	"Files": {
		"shadow.png"  : ["Texture", "R/T/P/Shadow.png"],
		"fluff.png"   : ["Texture", "R/T/B/Snow.png"],
		
		"armor/chain_1.png"  : ["Replace", "armor/chain.png"],
		"armor/chain_2.png"  : ["Texture", "R/T/E/Player_Armor_Chain.png", [["Crop", 0, 32, 64, 32]]],
		"armor/cloth_1.png"  : ["Texture", "R/T/E/Player_Armor_Leather.file", [["Crop", 0, 0, 64, 32]]],
		"armor/cloth_2.png"  : ["Texture", "R/T/E/Player_Armor_Leather.file", [["Crop", 0, 32, 64, 32]]],
		"armor/diamond_1.png": ["Texture", "R/T/E/Player_Armor_Diamond.png", [["Crop", 0, 0, 64, 32]]],
		"armor/diamond_2.png": ["Texture", "R/T/E/Player_Armor_Diamond.png", [["Crop", 0, 32, 64, 32]]],
		"armor/gold_1.png"   : ["Texture", "R/T/E/Player_Armor_Gold.png", [["Crop", 0, 0, 64, 32]]],
		"armor/gold_2.png"   : ["Texture", "R/T/E/Player_Armor_Gold.png", [["Crop", 0, 32, 64, 32]]],
		"armor/iron_1.png"   : ["Texture", "R/T/E/Player_Armor_Iron.png", [["Crop", 0, 0, 64, 32]]],
		"armor/iron_2.png"   : ["Texture", "R/T/E/Player_Armor_Iron.png", [["Crop", 0, 32, 64, 32]]],
		
		"art/kz.png": [ "Atlas", {
				"Empty": ["Texture", "R/T/Error.png"],
				"Size"  : [16, 16],
				"Scale" : [16, 16],
				"0" : {
					"0" : ["Painting", 1, 1],
					"2" : ["Painting", 2, 1],
					"4" : ["Painting", 1, 2],
					"5" : false,
					"6" : ["Painting", 4, 2],
					"7" : false,
					"8" : ["Painting", 2, 2],
					"9" : false,
					"12" : ["Painting", true],
					"13" : false,
					"14" : false,
					"15" : false
				},
				"1" : {
					"0" : ["Painting", 1, 1],
					"2" : false,
					"6" : false,
					"7" : false,
					"8" : false,
					"9" : false,
					"12" : false,
					"13" : false,
					"14" : false,
					"15" : false
				},
				"2" : {
					"0" : ["Painting", 1, 1],
					"2" : ["Painting", 2, 1],
					"6" : false,
					"7" : false,
					"8" : ["Painting", 2, 2],
					"9" : false,
					"12" : false,
					"13" : false,
					"14" : false,
					"15" : false
				},
				"3" : {
					"0" : ["Painting", 1, 1],
					"2" : false,
					"6" : false,
					"7" : false,
					"8" : false,
					"9" : false,
					"12" : false,
					"13" : false,
					"14" : false,
					"15" : false
				},
				"4" : {
					"0" : ["Painting", 1, 1],
					"2" : ["Painting", 2, 1],
					"8" : ["Painting", 2, 2],
					"9" : false
				},
				"5" : {
					"0" : ["Painting", 1, 1],
					"2" : false,
					"8" : false,
					"9" : false
				},
				"6" : {
					"0" : ["Painting", 1, 1],
					"2" : ["Painting", 2, 1],
					"8" : ["Painting", 2, 2],
					"9" : false
				},
				"7" : {
					"2" : false,
					"8" : false,
					"9" : false
				},
				"8" : {
					"8" : ["Painting", 2, 2],
					"9" : false
				},
				"9" : {
					"8" : false,
					"9" : false
				},
				"12" : {
					"0" : ["Texture", "R/T/A/Backface.png"],
					"1" : false,
					"2" : false,
					"3" : false
				},
				"13" : {
					"0" : false,
					"1" : false,
					"2" : false,
					"3" : false
				},
				"14" : {
					"0" : false,
					"1" : false,
					"2" : false,
					"3" : false
				},
				"15" : {
					"0" : false,
					"1" : false,
					"2" : false,
					"3" : false
				}
			}
		],
		
		"gui/icons.png": [ "Atlas", {
				"16" : {
					"9" : ["Texture", "R/T/U/Armor_Empty.png"]
				},
				"25" : {
					"9" : ["Texture", "R/T/U/Armor_Half.png", [["Flip", true]]]
				},
				"34" : {
					"9" : ["Texture", "R/T/U/Armor.png"]
				},
				"43" : {
					"9" : ["Texture", "R/T/U/Armor.png"]
				}
			}
		],
		
		"item/cart.png": ["Texture", "R/T/E/Minecart.png"],
		
		"mob/spider_eyes.png": ["Texture", "R/T/E/Spider_Eyes.png"],
		
		"terrain/sun.png" : ["Texture", "R/T/O/Sun.png"],
		"terrain/moon.png": ["Texture", "R/T/O/Moon.file"],
		
		"particles.png": [ "Atlas", {
				"0" : {
					"2" : ["Texture", "R/T/P/Bubble.png"],
					"3" : ["Texture", "R/T/P/Fire.file"]
				},
				"1" : {
					"3" : ["Texture", "R/T/P/Lava.png"]
				}
			}
		],
		
		"terrain.png": [ "Atlas", {
				"0" : {
					"5" : ["Animation", ["Texture", "R/T/B/Torch.file"], false],
					"7" : ["Texture", "R/T/B/Rail_Corner.png"],
					"8" : ["Texture", "R/T/B/Rail.png"]
				},
				"1" : {
					"5" : ["Texture", "R/T/B/Door.png"],
					"6" : false
				},
				"2" : {
					"3" : ["Texture", "R/T/B/Diamond_Ore.png"],
					"5" : ["Texture", "R/T/B/Door.png", [["Flip", true]]],
					"6" : false
				},
				"3" : {
					"5" : ["Texture", "R/T/B/Ladder.png"]
				},
				"4" : {
					"3" : ["Texture", "R/T/B/Leaves_Tint.file"]
				},
				"5" : {
					"3" : ["Texture", "R/T/B/Leaves_Tint_Solid.file"]
				},
				"6" : {
					"1" : ["Texture", "R/T/B/Iron.png"],
					"2" : ["Texture", "R/T/B/Iron.png"],
					"3" : ["Texture", "R/T/B/Iron.png"],
					"5" : ["Texture", "R/T/B/Farmland_Wet.png"]
				},
				"7" : {
					"1" : ["Texture", "R/T/B/Gold.png"],
					"2" : ["Texture", "R/T/B/Gold.png"],
					"3" : ["Texture", "R/T/B/Gold.png"],
					"5" : ["Texture", "R/T/B/Farmland.png"]
				},
				"8" : {
					"1" : ["Texture", "R/T/B/Diamond.png"],
					"2" : ["Texture", "R/T/B/Diamond.png"],
					"3" : ["Texture", "R/T/B/Diamond.png"],
					"5" : ["Texture", "R/T/B/Wheat_0.png"]
				},
				"9" : {
					"1" : ["Texture", "R/T/B/Chest_Top.png"],
					"2" : ["Texture", "R/T/B/Chest_Left.png"],
					"3" : ["Texture", "R/T/B/Chest_Left_Back.png"],
					"5" : ["Texture", "R/T/B/Wheat_1.png"]
				},
				"10" : {
					"1" : ["Texture", "R/T/B/Chest_Side.png"],
					"2" : ["Texture", "R/T/B/Chest_Right.png"],
					"3" : ["Texture", "R/T/B/Chest_Right_Back.png"],
					"5" : ["Texture", "R/T/B/Wheat_2.png"]
				},
				"11" : {
					"1" : ["Texture", "R/T/B/Chest.png"],
					"2" : ["Texture", "R/T/B/Workbench.png"],
					"3" : ["Texture", "R/T/B/Workbench_Side.png"],
					"5" : ["Texture", "R/T/B/Wheat_3.png"]
				},
				"12" : {
					"2" : ["Texture", "R/T/B/Furnace.png"],
					"3" : ["Texture", "R/T/B/Workbench_Side_2.png"],
					"5" : ["Texture", "R/T/B/Wheat_4.png"]
				},
				"13" : {
					"2" : ["Texture", "R/T/B/Mechanism.png"],
					"3" : ["Animation", ["Texture", "R/T/B/Furnace_On.png"], false],
					"5" : ["Texture", "R/T/B/Wheat_5.png"],
					"12" : ["Texture", "R/T/B/Water_Single.file"],
					"14" : ["Animation", ["Texture", "R/T/B/Lava.png"], false]
				},
				"14" : {
					"0" : null,
					"1" : null,
					"5" : ["Texture", "R/T/B/Wheat_6.png"],
					"12" : ["Animation", ["Texture", "R/T/B/Water_Flow.file"], false],
					"13" : false,
					"14" : ["Animation", ["Texture", "R/T/B/Lava_Flow.png"], false],
					"15" : false
				},
				"15" : {
					"1" : ["Animation", ["Texture", "R/T/B/Fire.file"], false],
					"5" : ["Texture", "R/T/B/Wheat_7.png"],
					"12" : false,
					"13" : false,
					"14" : false,
					"15" : false
				}
			}
		],
		
		"gui/logo.png": ["Texture", "R/T/U/Logo.png", [["NewSize", 256, 256]]],
		
		"gui/items.png": [ "Atlas", {
				"Empty": ["Texture", "R/T/Error.png"],
				"Size" : [16, 16],
				"Scale": [16, 16],
				"0" : {
					"0" : ["Texture", "R/T/I/Leather_Helmet.file"],
					"1" : ["Texture", "R/T/I/Leather_Chestplate.file"],
					"2" : ["Texture", "R/T/I/Leather_Pants.file"],
					"3" : ["Texture", "R/T/I/Leather_Boots.file"],
					"4" : ["Texture", "R/T/I/Wood_Sword.png"],
					"5" : ["Texture", "R/T/I/Wood_Shovel.png"],
					"6" : ["Texture", "R/T/I/Wood_Pickaxe.png"],
					"7" : ["Texture", "R/T/I/Wood_Axe.png"],
					"8" : ["Texture", "R/T/I/Wood_Hoe.png"]
				},
				"1" : {
					"0" : ["Texture", "R/T/I/Chain_Helmet.png"],
					"1" : ["Texture", "R/T/I/Chain_Chestplate.png"],
					"2" : ["Texture", "R/T/I/Chain_Pants.png"],
					"3" : ["Texture", "R/T/I/Chain_Boots.png"],
					"4" : ["Texture", "R/T/I/Stone_Sword.png"],
					"5" : ["Texture", "R/T/I/Stone_Shovel.png"],
					"6" : ["Texture", "R/T/I/Stone_Pickaxe.png"],
					"7" : ["Texture", "R/T/I/Stone_Axe.png"],
					"8" : ["Texture", "R/T/I/Stone_Hoe.png"]
				},
				"2" : {
					"0" : ["Texture", "R/T/I/Iron_Helmet.png"],
					"1" : ["Texture", "R/T/I/Iron_Chestplate.png"],
					"2" : ["Texture", "R/T/I/Iron_Pants.png"],
					"3" : ["Texture", "R/T/I/Iron_Boots.png"],
					"4" : ["Texture", "R/T/I/Iron_Sword.png"],
					"5" : ["Texture", "R/T/I/Iron_Shovel.png"],
					"6" : ["Texture", "R/T/I/Iron_Pickaxe.png"],
					"7" : ["Texture", "R/T/I/Iron_Axe.png"],
					"8" : ["Texture", "R/T/I/Iron_Hoe.png"]
				},
				"3" : {
					"0" : ["Texture", "R/T/I/Diamond_Helmet.png"],
					"1" : ["Texture", "R/T/I/Diamond_Chestplate.png"],
					"2" : ["Texture", "R/T/I/Diamond_Pants.png"],
					"3" : ["Texture", "R/T/I/Diamond_Boots.png"],
					"4" : ["Texture", "R/T/I/Diamond_Sword.png"],
					"5" : ["Texture", "R/T/I/Diamond_Shovel.png"],
					"6" : ["Texture", "R/T/I/Diamond_Pickaxe.png"],
					"7" : ["Texture", "R/T/I/Diamond_Axe.png"],
					"8" : ["Texture", "R/T/I/Diamond_Hoe.png"]
				},
				"4" : {
					"0" : ["Texture", "R/T/I/Gold_Helmet.png"],
					"1" : ["Texture", "R/T/I/Gold_Chestplate.png"],
					"2" : ["Texture", "R/T/I/Gold_Pants.png"],
					"3" : ["Texture", "R/T/I/Gold_Boots.png"],
					"4" : ["Texture", "R/T/I/Gold_Sword.png"],
					"5" : ["Texture", "R/T/I/Gold_Shovel.png"],
					"6" : ["Texture", "R/T/I/Gold_Pickaxe.png"],
					"7" : ["Texture", "R/T/I/Gold_Axe.png"],
					"8" : ["Texture", "R/T/I/Gold_Hoe.png"]
				},
				"5" : {
					"0" : ["Texture", "R/T/I/Lighter.png"],
					"1" : ["Texture", "R/T/I/Bow.png"],
					"2" : ["Texture", "R/T/I/Arrow/Default.png"],
					"3" : ["Texture", "R/T/I/Stick.png"]
				},
				"6" : {
					"0" : ["Texture", "R/T/I/Flint.png"],
					"2" : ["Texture", "R/T/I/Quiver.png"]
				},
				"7" : {
					"0" : ["Texture", "R/T/I/Coal.png"],
					"1" : ["Texture", "R/T/I/Iron.png"],
					"2" : ["Texture", "R/T/I/Gold.png"],
					"3" : ["Texture", "R/T/I/Diamond.png"],
					"4" : ["Texture", "R/T/I/Bowl.png"],
					"5" : ["Texture", "R/T/I/Meat_Pig.png"],
					"8" : ["Texture", "R/T/I/Minecart.png"]
				},
				"8" : {
					"0" : ["Texture", "R/T/I/String.png"],
					"1" : ["Texture", "R/T/I/Feather.png"],
					"2" : ["Texture", "R/T/I/Gunpowder.png"],
					"4" : ["Texture", "R/T/I/Bowl_Mushroom.png"],
					"5" : ["Texture", "R/T/I/Meat_Pig_Cooked.png"]
				},
				"9" : {
					"0" : ["Texture", "R/T/I/Seeds.png"],
					"1" : ["Texture", "R/T/I/Wheat.png"],
					"2" : ["Texture", "R/T/I/Bread.png"]
				},
				"10" : {
					"0" : ["Texture", "R/T/I/Apple.png"],
					"1" : ["Texture", "R/T/I/Painting.png"],
					"2" : ["Texture", "R/T/I/Sign.png"],
					"4" : ["Texture", "R/T/I/Bucket.png"]
				},
				"11" : {
					"0" : ["Texture", "R/T/I/Apple_Gold.png"],
					"2" : ["Texture", "R/T/I/Door.png"],
					"4" : ["Animation", ["Texture", "R/T/I/Bucket_Water.png"], false]
				},
				"12" : {
					"4" : ["Animation", ["Texture", "R/T/I/Bucket_Lava.png"], false]
				},
				"15" : {
					"0" : ["Texture", "R/T/I/Slot_Helmet.png"],
					"1" : ["Texture", "R/T/I/Slot_Chestplate.png"],
					"2" : ["Texture", "R/T/I/Slot_Pants.png"],
					"3" : ["Texture", "R/T/I/Slot_Boots.png"]
				}
			}
		],
		
		"gui/inventory.png": ["Texture", "R/T/U/Inventory_Old.file"],
		"gui/crafting.png" : ["Texture", "R/T/U/Workbench.file"],
		"gui/furnace.png"  : ["Texture", "R/T/U/Furnace.file"],
		"gui/container.png": ["Texture", "R/T/U/Container.file"]
	}
}