{
	"Parent": "8-c0.30_01c.json",
	
	"Name"  : "inf-20100618",
	"Type"  : "Version",
	//"Dev"   : false,
	
	"Add": ["ReplacePack.json"],
	
	"Files": {
		"shadow.png"  : ["Texture", "R/T/P/Shadow.png"],
		"fluff.png"   : ["Texture", "R/T/B/Snow.png"],
		
		"armor/chain.png"    : null,
		"armor/chain_1.png"  : ["Texture", "R/T/E/Player_Armor_Chain.png"],
		"armor/chain_2.png"  : ["Texture", "R/T/E/Player_Armor_Chain_2.png"],
		"armor/cloth_1.png"  : ["Texture", "R/T/E/Player_Armor_Leather.texture"],
		"armor/cloth_2.png"  : ["Texture", "R/T/E/Player_Armor_Leather_2.texture"],
		"armor/diamond_1.png": ["Texture", "R/T/E/Player_Armor_Diamond.png"],
		"armor/diamond_2.png": ["Texture", "R/T/E/Player_Armor_Diamond_2.png"],
		"armor/gold_1.png"   : ["Texture", "R/T/E/Player_Armor_Gold.png"],
		"armor/gold_2.png"   : ["Texture", "R/T/E/Player_Armor_Gold_2.png"],
		"armor/iron_1.png"   : ["Texture", "R/T/E/Player_Armor_Iron.png"],
		"armor/iron_2.png"   : ["Texture", "R/T/E/Player_Armor_Iron_2.png"],
		
		"art/kz.png": [ "Atlas", {
				"Empty": ["Texture", "R/T/Error.png"],
				"Size"  : [16, 16],
				"1" : {
					"1"  : ["Painting", 1, 1],
					"2"  : ["Painting", 1, 1],
					"3"  : ["Painting", 1, 1],
					"4"  : ["Painting", 1, 1],
					"5"  : ["Painting", 1, 1],
					"6"  : ["Painting", 1, 1],
					"7"  : ["Painting", 1, 1],
					
					"13" : ["Texture", "R/T/ART/Backface.png"],
					"14" : false,
					"15" : false,
					"16" : false
				},
				"2" : {
					"13" : false,
					"14" : false,
					"15" : false,
					"16" : false
				},
				"3" : {
					"1"  : ["Painting", 2, 1],
					"2"  : false,
					"3"  : ["Painting", 2, 1],
					"4"  : false,
					"5"  : ["Painting", 2, 1],
					"6"  : false,
					"7"  : ["Painting", 2, 1],
					"8"  : false,
					
					"13" : false,
					"14" : false,
					"15" : false,
					"16" : false
				},
				"4" : {
					"13" : false,
					"14" : false,
					"15" : false,
					"16" : false
				},
				"5" : {
					"1"  : ["Painting", 1, 2]
				},
				"6" : {
					"1"  : false
				},
				"7" : {
					"1"  : ["Painting", 4, 2],
					"2"  : false,
					"3"  : false,
					"4"  : false
				},
				"8" : {
					"1"  : false,
					"2"  : false,
					"3"  : false,
					"4"  : false
				},
				"9" : {
					"1"  : ["Painting", 2, 2],
					"2"  : false,
					"3"  : ["Painting", 2, 2],
					"4"  : false,
					"5"  : ["Painting", 2, 2],
					"6"  : false,
					"7"  : ["Painting", 2, 2],
					"8"  : false,
					"9"  : ["Painting", 2, 2],
					"10" : false
				},
				"10": {
					"1"  : false,
					"2"  : false,
					"3"  : false,
					"4"  : false,
					"5"  : false,
					"6"  : false,
					"7"  : false,
					"8"  : false,
					"9"  : false,
					"10" : false
				},
				"13": {
					"1"  : ["Painting", true],
					"2"  : false,
					"3"  : false,
					"4"  : false
				},
				"14": {
					"1"  : false,
					"2"  : false,
					"3"  : false,
					"4"  : false
				},
				"15": {
					"1"  : false,
					"2"  : false,
					"3"  : false,
					"4"  : false
				},
				"16": {
					"1"  : false,
					"2"  : false,
					"3"  : false,
					"4"  : false
				}
			}
		],
		
		"gui/icons.png": [ "Atlas", {
				"9" : {
					"16" : ["Texture", "R/T/GUI/Armor_Empty.png"],
					"25" : ["Texture", "R/T/GUI/Armor_Half.png", [["Flip", true]]],
					"34" : ["Texture", "R/T/GUI/Armor.png"],
					"43" : ["Texture", "R/T/GUI/Armor.png"]
				}
			}
		],
		
		"item/cart.png": ["Texture", "R/T/E/Minecart.png"],
		
		"mob/spider.png"     : ["Texture", "R/T/E/Spider.png"],
		"mob/spider_eyes.png": ["Texture", "R/T/E/Spider_Eyes.png"],
		
		"terrain/sun.png" : ["Texture", "R/T/O/Sun.png"],
		"terrain/moon.png": ["Texture", "R/T/O/Moon.texture"],
		
		"particles.png": [ "Atlas", {
				"2" : {
					"2"  : ["Texture", "R/T/P/Splash_1.png"]
				},
				"3" : {
					"1"  : ["Texture", "R/T/P/Bubble.png"]
				},
				"4" : {
					"1"  : ["Texture", "R/T/P/Fire.png"],
					"2"  : ["Texture", "R/T/P/Lava.png"]
				}
			}
		],
		
		"terrain.png": [ "Atlas", {
				"2" : {
					"7"  : ["Texture", "R/T/B/Iron.png"],
					"8"  : ["Texture", "R/T/B/Gold.png"],
					"9"  : ["Texture", "R/T/B/Diamond.png"],
					"10" : ["Texture", "R/T/B/Chest_Top.png"],
					"11" : ["Texture", "R/T/B/Chest_Side.png"],
					"12" : ["Texture", "R/T/B/Chest.png"],
					
					"16" : ["Texture", "R/T/B/Fire.texture", [["Frame", 0]]]
				},
				"3" : {
					"7"  : ["Texture", "R/T/B/Iron.png"],
					"8"  : ["Texture", "R/T/B/Gold.png"],
					"9"  : ["Texture", "R/T/B/Diamond.png"],
					"10" : ["Texture", "R/T/B/Chest_Left.png"],
					"11" : ["Texture", "R/T/B/Chest_Right.png"],
					"12" : ["Texture", "R/T/B/Workbench.png"],
					"13" : ["Texture", "R/T/B/Furnace.png"],
					"14" : ["Texture", "R/T/B/Mechanism.png"]
				},
				"4" : {
					"3"  : ["Texture", "R/T/B/Diamond_Ore.png"],
					
					"5"  : ["Texture", "R/T/B/Leaves_Tint.texture"],
					"6"  : ["Texture", "R/T/B/Leaves_Tint_Solid.texture"],
					"7"  : ["Texture", "R/T/B/Iron.png"],
					"8"  : ["Texture", "R/T/B/Gold.png"],
					"9"  : ["Texture", "R/T/B/Diamond.png"],
					"10" : ["Texture", "R/T/B/Chest_Left_Back.png"],
					"11" : ["Texture", "R/T/B/Chest_Right_Back.png"],
					"12" : ["Texture", "R/T/B/Workbench_Side.png"],
					"13" : ["Texture", "R/T/B/Workbench_Side_2.png"],
					"14" : ["Texture", "R/T/B/Furnace_On.png", [["Frame", 0]]]
				},
				"6" : {
					"1"  : ["Texture", "R/T/B/Torch.png", [["Frame", 0]]],
					"2"  : ["Texture", "R/T/B/Door.png"],
					"3"  : ["Texture", "R/T/B/Door.png", [["Flip", true]]],
					"4"  : ["Texture", "R/T/B/Ladder.png"],
					
					"7"  : ["Texture", "R/T/B/Farmland_Wet.png"],
					"8"  : ["Texture", "R/T/B/Farmland.png"],
					"9"  : ["Texture", "R/T/B/Wheat_0.png"],
					"10" : ["Texture", "R/T/B/Wheat_1.png"],
					"11" : ["Texture", "R/T/B/Wheat_2.png"],
					"12" : ["Texture", "R/T/B/Wheat_3.png"],
					"13" : ["Texture", "R/T/B/Wheat_4.png"],
					"14" : ["Texture", "R/T/B/Wheat_5.png"],
					"15" : ["Texture", "R/T/B/Wheat_6.png"],
					"16" : ["Texture", "R/T/B/Wheat.png"]
				},
				"7" : {
					"2"  : ["Texture", "R/T/B/Door_Bottom.png"],
					"3"  : ["Texture", "R/T/B/Door_Bottom.png", [["Flip", true]]]
				},
				"8" : {
					"1"  : ["Texture", "R/T/B/Rail_Corner.png"]
				},
				"9" : {
					"1"  : ["Texture", "R/T/B/Rail.png"]
				},
				"13": {
					"14" : ["Texture", "R/T/B/Water_Single.texture"],
					"15" : ["Texture", "R/T/B/Water_Flow.texture", [["Frame", 0]]],
					"16" : false
				},
				"14": {
					"15" : false,
					"16" : false
				},
				"15": {
					"14" : ["Texture", "R/T/B/Lava.png", [["Frame", 0]]],
					"15" : ["Texture", "R/T/B/Lava_Flow.png", [["Frame", 0]]],
					"16" : false
				},
				"16": {
					"15" : false,
					"16" : false
				}
			}
		],
		
		"gui/logo.png": ["Texture", "R/T/GUI/Logo.png", [["NewSize", 256, 256]]],
		
		"gui/items.png": [ "Atlas", {
				"Empty": ["Texture", "R/T/Error.png"],
				"Size" : [16, 16],
				"1" : {
					"1"  : ["Texture", "R/T/I/Leather_Helmet.texture"],
					"2"  : ["Texture", "R/T/I/Chain_Helmet.png"],
					"3"  : ["Texture", "R/T/I/Iron_Helmet.png"],
					"4"  : ["Texture", "R/T/I/Diamond_Helmet.png"],
					"5"  : ["Texture", "R/T/I/Gold_Helmet.png"],
					"6"  : ["Texture", "R/T/I/Lighter.png"],
					"7"  : ["Texture", "R/T/I/Flint.png"],
					"8"  : ["Texture", "R/T/I/Coal.png"],
					"9"  : ["Texture", "R/T/I/String.png"],
					"10" : ["Texture", "R/T/I/Seeds.png"],
					"11" : ["Texture", "R/T/I/Apple.png"],
					"12" : ["Texture", "R/T/I/Apple_Gold.png"],
					
					"16" : ["Texture", "R/T/I/Slot_Helmet.png"]
				},
				"2" : {
					"1"  : ["Texture", "R/T/I/Leather_Chestplate.texture"],
					"2"  : ["Texture", "R/T/I/Chain_Chestplate.png"],
					"3"  : ["Texture", "R/T/I/Iron_Chestplate.png"],
					"4"  : ["Texture", "R/T/I/Diamond_Chestplate.png"],
					"5"  : ["Texture", "R/T/I/Gold_Chestplate.png"],
					"6"  : ["Texture", "R/T/I/Bow.png"],
					
					"8"  : ["Texture", "R/T/I/Iron.png"],
					"9"  : ["Texture", "R/T/I/Feather.png"],
					"10" : ["Texture", "R/T/I/Wheat.png"],
					"11" : ["Texture", "R/T/I/Painting.png"],
					
					"16" : ["Texture", "R/T/I/Slot_Chestplate.png"]
				},
				"3" : {
					"1"  : ["Texture", "R/T/I/Leather_Pants.texture"],
					"2"  : ["Texture", "R/T/I/Chain_Pants.png"],
					"3"  : ["Texture", "R/T/I/Iron_Pants.png"],
					"4"  : ["Texture", "R/T/I/Diamond_Pants.png"],
					"5"  : ["Texture", "R/T/I/Gold_Pants.png"],
					"6"  : ["Texture", "R/T/I/Arrow.png"],
					"7"  : ["Texture", "R/T/I/Quiver.png"],
					"8"  : ["Texture", "R/T/I/Gold.png"],
					"9"  : ["Texture", "R/T/I/Gunpowder.png"],
					"10" : ["Texture", "R/T/I/Bread.png"],
					"11" : ["Texture", "R/T/I/Sign.png"],
					"11" : ["Texture", "R/T/I/Door.png"],
					
					"16" : ["Texture", "R/T/I/Slot_Pants.png"]
				},
				"4" : {
					"1"  : ["Texture", "R/T/I/Leather_Boots.texture"],
					"2"  : ["Texture", "R/T/I/Chain_Boots.png"],
					"3"  : ["Texture", "R/T/I/Iron_Boots.png"],
					"4"  : ["Texture", "R/T/I/Diamond_Boots.png"],
					"5"  : ["Texture", "R/T/I/Gold_Boots.png"],
					"6"  : ["Texture", "R/T/I/Stick.png"],
					
					"8"  : ["Texture", "R/T/I/Diamond.png"],
					
					"16" : ["Texture", "R/T/I/Slot_Boots.png"]
				},
				"5" : {
					"1"  : ["Texture", "R/T/I/Wood_Sword.png"],
					"2"  : ["Texture", "R/T/I/Stone_Sword.png"],
					"3"  : ["Texture", "R/T/I/Iron_Sword.png"],
					"4"  : ["Texture", "R/T/I/Diamond_Sword.png"],
					"5"  : ["Texture", "R/T/I/Gold_Sword.png"],
					
					"8"  : ["Texture", "R/T/I/Bowl.png"],
					"9"  : ["Texture", "R/T/I/Bowl_Mushroom.png"],
					
					"11" : ["Texture", "R/T/I/Bucket.png"],
					"12" : ["Texture", "R/T/I/Bucket_Water.png"],
					"13" : ["Texture", "R/T/I/Bucket_Lava.png"]
				},
				"6" : {
					"1"  : ["Texture", "R/T/I/Wood_Shovel.png"],
					"2"  : ["Texture", "R/T/I/Stone_Shovel.png"],
					"3"  : ["Texture", "R/T/I/Iron_Shovel.png"],
					"4"  : ["Texture", "R/T/I/Diamond_Shovel.png"],
					"5"  : ["Texture", "R/T/I/Gold_Shovel.png"],
					
					"8"  : ["Texture", "R/T/I/Meat.png"],
					"9"  : ["Texture", "R/T/I/Meat_Cooked.png"]
				},
				"7" : {
					"1"  : ["Texture", "R/T/I/Wood_Pickaxe.png"],
					"2"  : ["Texture", "R/T/I/Stone_Pickaxe.png"],
					"3"  : ["Texture", "R/T/I/Iron_Pickaxe.png"],
					"4"  : ["Texture", "R/T/I/Diamond_Pickaxe.png"],
					"5"  : ["Texture", "R/T/I/Gold_Pickaxe.png"]
				},
				"8" : {
					"1"  : ["Texture", "R/T/I/Wood_Axe.png"],
					"2"  : ["Texture", "R/T/I/Stone_Axe.png"],
					"3"  : ["Texture", "R/T/I/Iron_Axe.png"],
					"4"  : ["Texture", "R/T/I/Diamond_Axe.png"],
					"5"  : ["Texture", "R/T/I/Gold_Axe.png"]
				},
				"9" : {
					"1"  : ["Texture", "R/T/I/Wood_Hoe.png"],
					"2"  : ["Texture", "R/T/I/Stone_Hoe.png"],
					"3"  : ["Texture", "R/T/I/Iron_Hoe.png"],
					"4"  : ["Texture", "R/T/I/Diamond_Hoe.png"],
					"5"  : ["Texture", "R/T/I/Gold_Hoe.png"],
					
					"8"  : ["Texture", "R/T/I/Minecart.png"]
				}
			}
		],
		
		"gui/inventory.png": ["Texture", "R/T/GUI/Inventory_Old.texture"],
		"gui/crafting.png" : ["Texture", "R/T/GUI/Workbench.texture"],
		"gui/furnace.png"  : ["Texture", "R/T/GUI/Furnace.texture"],
		"gui/container.png": ["Texture", "R/T/GUI/Container.texture"]
	}
}