{
	"Out": {
		"Default": "<[Name]> <[D_Version]>.zip",
		"Addon"  : "Addon - <[Name]> <[D_Version]>.zip"
	},
	
	"Text": {
		"Version"   : "1.8.3",
		"Name"      : "BloodRaw",
		"Author"    : "Woowz11",
		"License"   : "CC BY-NC-SA 4.0",
		"GitHub"    : "https://github.com/Woowz11",
		"Discord"   : "woowz11",
		"Link"      : "https://woowz11.github.io/woowzsite/BloodRaw/Main",
		"Generator" : "https://woowz11.github.io/woowzsite/BloodRaw/Generator",
		
		"CurseForge": "https://www.curseforge.com/minecraft/mc-mods/"
	},
	
	"Color": {
		"Glass_Silver" : "#AEAEAE",
		"Glass_Gray"   : "#6D6D6D",
		"Glass_Black"  : "#2D2D2D",
		"Glass_Red"    : "#CA302F",
		"Glass_Orange" : "#CA612F",
		"Glass_Yellow" : "#CAB62F",
		"Glass_Lime"   : "#55CA2F",
		"Glass_Aqua"   : "#6DA0D4",
		"Glass_Blue"   : "#3139CE",
		"Glass_Purple" : "#8D2FCA",
		"Glass_Magenta": "#CA2FA7",
		"Glass_Pink"   : "#EE90BE",
		"Glass_Brown"  : "#763D19",
		"Glass_Green"  : "#23731B",
		"Glass_Cyan"   : "#567CA2",
	},
	
	"Animation": {
		"Prismarine" : {"Smooth": true, "Speed": 32, "Frames": [ 0,1,2,3,2,3,2,3,2,3,2,1,0,1,0,1,0,1,0,1 ]},
		"Command"    : {"Frames": [ 0,3,0,3,0,3,0,3,0,3,0,3,0,3,1,2,1,2,1,2,1,2,1,2,1,2,1,2 ]},
		"Eye_End"    : {"Smooth": true, "Speed": 16},
		"Fire"       : {"Speed": 2},
		"Fire_Smooth": {"Smooth": true, "Speed": 2},
		"Lava"       : {"Smooth": true, "Speed": 5, "Frames": [ 0,0,0,0,1,1,1,2,2,2,2,2,3,3,3,3,4,4,4,4,5,5,5,5,5,6,6,6,7,7,7,7,8,8,8,9,9,9,9,9,9,10,10,10,10,10,11,11,11,11,12,12,12,13,13,13,13,13,14,14,14,14,15,15,15,16,16,16,16,17,17,17,17,18,18,18,18,18,17,17,17,16,16,16,15,15,15,16,16,16,16,17,17,17,18,18,17,17,17,17,16,16,16,16,16,16,15,15,15,14,14,14,14,13,13,13,13,12,12,12,12,12,12,11,11,11,11,10,10,10,10,11,11,11,12,12,12,12,13,13,13,13,12,12,12,12,11,11,11,11,10,10,10,10,10,9,9,9,9,8,8,8,8,7,7,7,8,8,8,7,7,7,7,7,6,6,6,6,6,6,5,5,5,5,4,4,4,4,3,3,3,3,2,2,2,3,3,3,3,3,4,4,4,4,5,5,5,5,6,6,6,6,7,7,7,7,6,6,6,6,6,5,5,5,5,4,4,4,4,3,3,3,3,2,2,2,2,1,1,1,0,0,0,0,1,1,1,2,2,2,2,3,3,3,4,4,4,3,3,3,2,2,2,1,1,1,1 ]},
		"Lava_Flow"  : {"Smooth": true, "Speed": 5},
		"Glowstone"  : {"Smooth": true, "Speed": 2},
		"Water"      : {"Smooth": true, "Speed": 3},
		"Water_Flow" : {"Smooth": true},
		"End"        : {"Smooth": true},
		"Redstone"   : {"Smooth": true, "Speed": 5},
		"Lucky"      : {"Smooth": true, "Speed": 4, "Frames": [ 0,7,1,5,3,7,2,3,7,6,1,0,4,2,6,1,7,3,2,1,0,3,4,5,1,7,6,7,4,3,1,0,2,5,0,3,4,7,1,0,2,3,4,7,0,1,4,3,7,6,5,4,3,2,1 ]},
		"Pumpkin"    : {"Smooth": true, "Speed": 12},
		"Milk"       : {"Smooth": true, "Speed": 3},
		"Milk_Flow"  : {"Smooth": true},
		"Beacon"     : {"Smooth": true},
		"Ink"        : {"Speed": 8},
		"Blaze"      : {"Smooth": true, "Speed": 128}
	},
	
	"Action": {
		"Font": [["Mask"], ["Multiply", ["Texture", "R/T/U/Font/Gradient.png", [["Tile", 16, 16]]]]]
	}
}