{
	"Version"    : "1.6.2",
	
	"Texts": {
		"Author" : "Woowz11",
		"License": "CC BY-NC-SA 4.0",
		"GitHub" : "https://github.com/Woowz11",
		"Discord": "woowz11"
	},
	"Colors": {
		"Glass_Red": "red"
	},
	"Animations": {
		"Prismarine" : {"Smooth": true, "Speed": 5, "Frames": [ 0,1,2,3,2,1 ]},
		"Command"    : {"Frames": [ 0,3,0,3,0,3,0,3,0,3,0,3,0,3,1,2,1,2,1,2,1,2,1,2,1,2,1,2 ]},
		"Eye_End"    : {"Smooth": true, "Speed": 8},
		"Fire"       : {"Speed": 2},
		"Fire_Smooth": {"Smooth": true, "Speed": 2},
		"Lava"       : {"Smooth": true, "Speed": 5, "Frames": [ 0,0,0,0,1,1,1,2,2,2,2,2,3,3,3,3,4,4,4,4,5,5,5,5,5,6,6,6,7,7,7,7,8,8,8,9,9,9,9,9,9,10,10,10,10,10,11,11,11,11,12,12,12,13,13,13,13,13,14,14,14,14,15,15,15,16,16,16,16,17,17,17,17,18,18,18,18,18,17,17,17,16,16,16,15,15,15,16,16,16,16,17,17,17,18,18,17,17,17,17,16,16,16,16,16,16,15,15,15,14,14,14,14,13,13,13,13,12,12,12,12,12,12,11,11,11,11,10,10,10,10,11,11,11,12,12,12,12,13,13,13,13,12,12,12,12,11,11,11,11,10,10,10,10,10,9,9,9,9,8,8,8,8,7,7,7,8,8,8,7,7,7,7,7,6,6,6,6,6,6,5,5,5,5,4,4,4,4,3,3,3,3,2,2,2,3,3,3,3,3,4,4,4,4,5,5,5,5,6,6,6,6,7,7,7,7,6,6,6,6,6,5,5,5,5,4,4,4,4,3,3,3,3,2,2,2,2,1,1,1,0,0,0,0,1,1,1,2,2,2,2,3,3,3,4,4,4,3,3,3,2,2,2,1,1,1,1 ]},
		"Lava_Flow"  : {"Smooth": true, "Speed": 5},
		"Glowstone"  : {"Smooth": true, "Speed": 4},
		"Water"      : {"Smooth": true, "Speed": 3},
		"Water_Flow" : {"Smooth": true},
		"End"        : {"Smooth": true}
	}
}