{
	"Parent": "a1.0.5",
	
	"ID"  : "a1.0.11",
	"Name": "Alpha 1.0.11",
	"Type": "Version",
	"Dev" : false,
	
	"Add": ["ReplacePack"],
	
	"Files": {
		"terrain.png": [ "Atlas", {
				"5" : {
					"4" : ["Texture", "R/T/B/Cactus/Top.png"]
				},
				"6" : {
					"4" : ["Texture", "R/T/B/Cactus/Side.png"]
				},
				"7" : {
					"4" : ["Texture", "R/T/B/Cactus/Bottom.png"]
				},
				"8" : {
					"4" : ["Texture", "R/T/B/Clay.png"]
				},
				"9" : {
					"4" : ["Texture", "R/T/B/Sugarcane.png"]
				}
			}
		],
		"gui/items.png": [ "Atlas", {
				"6" : {
					"1" : ["Texture", "R/T/I/Brick/Default.png"]
				},
				"7" : {
					"6" : ["Texture", "R/T/I/Leather/Default.png"]
				},
				"8" : {
					"8" : ["Texture", "R/T/I/Boat/Old.png"]
				},
				"9" : {
					"3" : ["Texture", "R/T/I/Clay.png"]
				},
				"10" : {
					"3" : ["Texture", "R/T/I/Paper.png"]
				},
				"11" : {
					"1" : ["Texture", "R/T/I/Sugarcane.png"],
					"3" : ["Texture", "R/T/I/Book/Default.png"]
				},
				"13" : {
					"4" : ["Animation", ["Texture", "R/T/I/Bucket/Milk.png"], false]
				},
				"14" : {
					"1" : ["Texture", "R/T/I/Slime.png"]
				}
			}
		],
		"item/boat.png": ["Texture", "R/T/E/Boat/Old.png"],
		"mob/cow.png"  : ["Texture", "R/T/E/Cow/Default.png"],
		"mob/slime.png": ["Texture", "R/T/E/Slime/Default.png"]
	}
}