{
	"Parent": "a1.1.0",
	
	"ID"  : "a1.1.2",
	"Name": "Alpha 1.1.2",
	"Type": "Version",
	"Dev" : false,
	
	"Add": ["ReplacePack"],
	
	"Files": {
		"gui/items.png": [ "Atlas", {
				"5" : {
					"4" : ["Texture", "R/T/I/Fishing/Default.png"]
				}
			}
		],
		"art/kz.png": [ "Atlas", {
				"1" : {
					"4" : ["Painting", 1, 2],
					"5" : false
				},
				"4" : {
					"12" : ["Painting", 4, 4],
					"13" : false,
					"14" : false,
					"15" : false
				},
				"5" : {
					"12" : false,
					"13" : false,
					"14" : false,
					"15" : false
				},
				"6" : {
					"12" : false,
					"13" : false,
					"14" : false,
					"15" : false
				},
				"7" : {
					"12" : false,
					"13" : false,
					"14" : false,
					"15" : false
				},
				"8" : {
					"2" : ["Painting", 2, 1]
				},
				"9" : {
					"2" : false
				},
				"12" : {
					"3" : false,
					"4" : ["Painting", 4, 3],
					"5" : false,
					"6" : false,
					"7" : ["Painting", 4, 3],
					"8" : false,
					"9" : false
				},
				"13" : {
					"3" : false,
					"4" : false,
					"5" : false,
					"6" : false,
					"7" : false,
					"8" : false,
					"9" : false
				},
				"14" : {
					"3" : false,
					"4" : false,
					"5" : false,
					"6" : false,
					"7" : false,
					"8" : false,
					"9" : false
				},
				"15" : {
					"3" : false,
					"4" : false,
					"5" : false,
					"6" : false,
					"7" : false,
					"8" : false,
					"9" : false
				}
			}
		]
	}
}