{
	"Parent": "a1.2.1",
	
	"ID"  : "a1.2.2",
	"Name": "Alpha 1.2.2",
	"Type": "Version",
	"Dev" : false,
	
	"Add": ["TexturePack"],
	
	"Files": {
		"mob/char.png": "char.png",
		
		"char.png"   : null,
		"default.gif": null,
		"default.png": null,
		"dirt.png"   : null,
		"fluff.png"  : null,
		"grass.png"  : null,
		"pumpkin.png": null,
		"rain.png"   : null,
		"rock.png"   : null,
		"shadow.png" : null,
		"snow.png"   : null,
		"water.png"  : null,
		
		"environment/clouds.png": "clouds.png",
		"clouds.png" : null,
		
		"environment/rain.png"  : ["Texture", "R/T/O/Rain.png"],
		"environment/snow.png"  : ["Texture", "R/T/O/Snow.png"],
		
		"font/default.png": ["Texture", "R/T/U/Font/ASCII.file"],
		
		"gui/background.png"  : ["Texture", "R/T/U/Background.png"],
		"gui/unknown_pack.png": ["Texture", "R/T/U/Unknown.png"],

		"misc/water.png" : ["Texture", "R/T/B/Liquid/Water_Single.file"],
		"misc/shadow.png": ["Texture", "R/T/P/Shadow.png"]
	}
}