{
	"Parent": "b1.1",
	
	"ID"  : "b1.2",
	"Name": "Beta 1.2",
	"Type": "Version",
	"Dev" : false,
	
	"Add": ["TexturePack"],
	
	"Files": {
		"terrain.png": [ "Atlas", {
				"0" : {
					"9" : ["Texture", "R/T/B/Lapis.png"],
					"10" : ["Texture", "R/T/B/Lapis_Ore.png"],
					"11" : ["Texture", "R/T/B/Sand_Stone_Smooth.png"],
					"12" : ["Texture", "R/T/B/Sand_Stone.png"],
					"13" : ["Texture", "R/T/B/Sand_Stone_Smooth.png"]
				},
				"1" : {
					"7"  : ["Texture", "R/T/B/Wool/Black.file"],
					"8"  : ["Texture", "R/T/B/Wool/Red.file"],
					"9"  : ["Texture", "R/T/B/Wool/Green.file"],
					"10" : ["Texture", "R/T/B/Wool/Brown.file"],
					"11" : ["Texture", "R/T/B/Wool/Blue.file"],
					"12" : ["Texture", "R/T/B/Wool/Purple.file"],
					"13" : ["Texture", "R/T/B/Wool/Cyan.file"],
					"14" : ["Texture", "R/T/B/Wool/Silver.file"]
				},
				"2" : {
					"7"  : ["Texture", "R/T/B/Wool/Gray.file"],
					"8"  : ["Texture", "R/T/B/Wool/Pink.file"],
					"9"  : ["Texture", "R/T/B/Wool/Lime.file"],
					"10" : ["Texture", "R/T/B/Wool/Yellow.file"],
					"11" : ["Texture", "R/T/B/Wool/Aqua.file"],
					"12" : ["Texture", "R/T/B/Wool/Magenta.file"],
					"13" : ["Texture", "R/T/B/Wool/Orange.file"]
				},
				"4" : {
					"7" : ["Texture", "R/T/B/Log/Spruce.png"],
					"8" : ["Texture", "R/T/B/Leaves/Spruce.file"]
				},
				"5" : {
					"7" : ["Texture", "R/T/B/Log/Birch.png"],
					"8" : ["Texture", "R/T/B/Leaves/Spruce_Solid.file"]
				},
				"6" : {
					"2" : null,
					"3" : null
				},
				"7" : {
					"2" : null,
					"3" : null
				},
				"8" : {
					"2" : null,
					"3" : null
				},
				"9" : {
					"7" : ["Texture", "R/T/B/Cake/Top.png"]
				},
				"10" : {
					"7" : ["Texture", "R/T/B/Cake/Side.png", [["Move", 0, -8]]]
				},
				"11" : {
					"7" : ["Texture", "R/T/B/Cake/Inner.png", [["Move", 0, -8]]]
				},
				"12" : {
					"7" : ["Texture", "R/T/B/Cake/Bottom.png"],
					"8" : ["Texture", "R/T/I/Cake.png"]
				},
				"14" : {
					"2" : ["Texture", "R/T/B/Dispenser.png"],
					"3" : ["Texture", "R/T/B/Mechanism_Top.png"]
				},
				"15" : {
					"2" : ["Animation", ["Texture", "R/T/B/Fire_2.file"], false]
				}
			}
		],
		"particles.png": [ "Atlas", {
				"0" : {
					"4" : ["Texture", "R/T/P/Note.png"]
			}
			}
		],
		"mob/squid.png": ["Texture", "R/T/E/Squid/Default.png"],
		"gui/items.png": [ "Atlas", {
				"12" : {
					"1" : ["Texture", "R/T/I/Bone/Default.png"]
				},
				"13" : {
					"0" : ["Texture", "R/T/I/Sugar.png"],
					"1" : ["Texture", "R/T/I/Cake.png"]
				},
				"14" : {
					"4" : ["Animation", ["Texture", "R/T/I/Ink.png"], false],
					"5" : ["Texture", "R/T/I/Dye/Red_Old.png"],
					"6" : ["Texture", "R/T/I/Dye/Green.png"],
					"7" : ["Texture", "R/T/I/Cocoa.png"],
					"8" : ["Texture", "R/T/I/Lapis.png"],
					"9" : ["Texture", "R/T/I/Dye/Purple.png"],
					"10" : ["Texture", "R/T/I/Dye/Cyan.png"],
					"11" : ["Texture", "R/T/I/Dye/Silver.png"]
				},
				"15" : {
					"4" : ["Texture", "R/T/I/Dye/Gray.png"],
					"5" : ["Texture", "R/T/I/Dye/Pink.png"],
					"6" : ["Texture", "R/T/I/Dye/Lime.png"],
					"7" : ["Texture", "R/T/I/Dye/Yellow.png"],
					"8" : ["Texture", "R/T/I/Dye/Aqua.png"],
					"9" : ["Texture", "R/T/I/Dye/Magenta.png"],
					"10" : ["Texture", "R/T/I/Dye/Orange.png"],
					"11" : ["Texture", "R/T/I/Bone/Dust.png"]
				}
			}
		],
		"gui/trap.png": ["Texture", "R/T/U/Dispenser.file"]
	}
}