{
	"Parent": "b1.3",
	
	"ID"  : "b1.4",
	"Name": "Beta 1.4",
	"Type": "Version",
	"Dev" : false,
	
	"Add": ["TexturePack"],
	
	"Files": {
		"particles.png": [ "Atlas", {
				"0" : {
					"5" : ["Texture", "R/T/P/Love.png"]
				}
			}
		],
		"gui/particles.png": [ "Atlas", {
				"Size" : [16, 16],
				"Scale": [8 , 8 ],
				"0" : {
					"0" : ["Texture", "R/T/P/Cloud.png"]
				}
			}
		],
		"gui/items.png": [ "Atlas", {
				"12": {
					"5": ["Texture", "R/T/I/Cookie.png"]
				}
			}
		],
		"mob/wolf.png"      : ["Texture", "R/T/E/Wolf.png"],
		"mob/wolf_angry.png": ["Texture", "R/T/E/Wolf_Angry.png"],
		"mob/wolf_tame.png" : ["Texture", "R/T/E/Wolf_Pet.file"],
		
		"title/mclogo.png": ["Texture", "R/T/U/Logo_Old.file"]
	}
}