{
	"Parent": "b1.5",
	
	"ID"  : "b1.6",
	"Name": "Beta 1.6",
	"Type": "Version",
	"Dev" : false,
	
	"Add": ["TexturePack"],
	
	"Files": {
		"terrain.png": [ "Atlas", {
				"0" : {
					"15" : ["Texture", "R/T/B/Destroy_0.png"]
				},
				"1" : {
					"15" : ["Texture", "R/T/B/Destroy_1.png"]
				},
				"2" : {
					"15" : ["Texture", "R/T/B/Destroy_2.png"]
				},
				"3" : {
					"15" : ["Texture", "R/T/B/Destroy_3.png"]
				},
				"4" : {
					"5" : ["Texture", "R/T/B/Trapdoor.png"],
					"15" : ["Texture", "R/T/B/Destroy_4.png"]
				},
				"5" : {
					"15" : ["Texture", "R/T/B/Destroy_5.png"]
				},
				"6" : {
					"15" : ["Texture", "R/T/B/Destroy_6.png"]
				},
				"7" : {
					"2" : ["Texture", "R/T/B/Grass_Tall.png"],
					"3" : ["Texture", "R/T/B/Bush_Dead.png"],
					"15" : ["Texture", "R/T/B/Destroy_7.png"]
				},
				"8" : {
					"2" : ["Texture", "R/T/B/Grass.png"],
					"3" : ["Texture", "R/T/B/Grass_Fern.png"],
					"15" : ["Texture", "R/T/B/Destroy_8.png"]
				},
				"9" : {
					"15" : ["Texture", "R/T/B/Destroy_9.png"]
				}
			}
		],
		"gui/items.png": [ "Atlas", {
				"5" : {
					"5" : ["Texture", "R/T/I/Fishing_Empty.png"]
				},
				"12" : {
					"3" : ["Texture", "R/T/I/Map.png"]
				}
			}
		],
		"misc/watercolor.png": ["Texture", "R/T/G/Colormap/Water.png"],
		"misc/mapbg.png"     : ["Texture", "R/T/U/Map/Background.png"],
		"misc/mapicons.png"  : ["Texture", "R/T/U/Map/Icons.png"]
	}
}