{
	"Parent": "b1.5",
	
	"ID"  : "b1.6",
	"Name": "Beta 1.6",
	"Type": "Version",
	"Dev" : false,
	
	"Add": ["TexturePack"],
	
	"Files": {
		"terrain.png": [ "Atlas", {
				"0" : {
					"15" : ["Texture", "R/T/B/Destroy/0.png"]
				},
				"1" : {
					"15" : ["Texture", "R/T/B/Destroy/1.png"]
				},
				"2" : {
					"15" : ["Texture", "R/T/B/Destroy/2.png"]
				},
				"3" : {
					"15" : ["Texture", "R/T/B/Destroy/3.png"]
				},
				"4" : {
					"5" : ["Texture", "R/T/B/Trapdoor/Oak.png"],
					"15" : ["Texture", "R/T/B/Destroy/4.png"]
				},
				"5" : {
					"15" : ["Texture", "R/T/B/Destroy/5.png"]
				},
				"6" : {
					"15" : ["Texture", "R/T/B/Destroy/6.png"]
				},
				"7" : {
					"2" : ["Texture", "R/T/B/Grass_Tall.png"],
					"3" : ["Texture", "R/T/B/Bush_Dead.png"],
					"15" : ["Texture", "R/T/B/Destroy/7.png"]
				},
				"8" : {
					"2" : ["Texture", "R/T/B/Grass.png"],
					"3" : ["Texture", "R/T/B/Grass_Fern.png"],
					"15" : ["Texture", "R/T/B/Destroy/8.png"]
				},
				"9" : {
					"15" : ["Texture", "R/T/B/Destroy/9.png"]
				}
			}
		],
		"gui/items.png": [ "Atlas", {
				"5" : {
					"5" : ["Texture", "R/T/I/Fishing/Empty.png"]
				},
				"12" : {
					"3" : ["Texture", "R/T/I/Map/Default.png"]
				}
			}
		],
		"misc/watercolor.png": ["Texture", "R/T/G/Colormap/Water.png"],
		"misc/mapbg.png"     : ["Texture", "R/T/U/Map/Background.png"],
		"misc/mapicons.png"  : ["Texture", "R/T/U/Map/Icons.png"]
	}
}