{
	"Parent": "b1.6",
	
	"ID"  : "b1.7",
	"Name": "Beta 1.7",
	"Type": "Version",
	"Dev" : false,
	
	"Add": ["TexturePack"],
	
	"Files": {
		"terrain.png": [ "Atlas", {
				"5" : {
					"9" : ["Texture", "R/T/B/Bed_Back.png"]
				},
				"6" : {
					"9" : ["Texture", "R/T/B/Bed_Left.png"]
				},
				"7" : {
					"9" : ["Texture", "R/T/B/Bed_Right.png"]
				},
				"8" : {
					"9" : ["Texture", "R/T/B/Bed_Front.png"]
				},
				"10" : {
					"6" : ["Texture", "R/T/B/Piston_Slime.png"],
					"7" : ["Texture", "R/T/B/Cake.png"]
				},
				"11" : {
					"6" : ["Texture", "R/T/B/Piston.png"],
					"7" : ["Texture", "R/T/B/Cake_Inner.png"]
				},
				"12" : {
					"6" : ["Texture", "R/T/B/Piston_Side.png"]
				},
				"13" : {
					"6" : ["Texture", "R/T/B/Piston_Bottom.png"]
				},
				"14" : {
					"6" : ["Texture", "R/T/B/Piston_Inner.png"]
				}
			}
		],
		"mob/silverfish.png": ["Texture", "R/T/E/Silverfish/Default.png"],
		"gui/items.png": [ "Atlas", {
				"13" : {
					"5" : ["Texture", "R/T/I/Shears.png"]
				}
			}
		]
	}
}