{
	"Parent": "b1.7",
	
	"ID"  : "b1.8",
	"Name": "Beta 1.8",
	"Type": "Version",
	"Dev" : false,
	
	"Add": ["TexturePack"],
	
	"Files": {
		"terrain.png": [ "Atlas", {
				"4" : {
					"6" : ["Texture", "R/T/B/Stone_Bricks_Moss.png"],
					"9" : ["Texture", "R/T/B/Glass_Side.png"]
				},
				"5" : {
					"5" : ["Texture", "R/T/B/Bars.png"],
					"6" : ["Texture", "R/T/B/Stone_Bricks_Crack.png"]
				},
				"6" : {
					"3" : ["Texture", "R/T/B/Stone_Bricks.png"]
				},
				"8" : {
					"8" : ["Texture", "R/T/B/Watermelon.png"]
				},
				"9" : {
					"8" : ["Texture", "R/T/B/Watermelon_Top.png"]
				},
				"13" : {
					"7" : ["Texture", "R/T/B/Mushroom_Block_Skin_Red.png"],
					"8" : ["Texture", "R/T/B/Mushroom_Block_Stem.png"]
				},
				"14" : {
					"7" : ["Texture", "R/T/B/Mushroom_Block_Skin.png"],
					"8" : ["Texture", "R/T/B/Mushroom_Block.png"]
				},
				"15" : {
					"6" : ["Texture", "R/T/B/Stem.png"],
					"7" : ["Texture", "R/T/B/Stem_Connect.png"],
					"8" : ["Texture", "R/T/B/Vines.png"]
				}
			}
		],
		"particles.png": [ "Atlas", {
				"1" : {
					"4" : ["Texture", "R/T/P/Crit.png"]
				}
			}
		],
		"title/bg/panorama0.png": ["Texture", "R/T/O/Panorama_Menu_0.file"],
		"title/bg/panorama1.png": ["Texture", "R/T/O/Panorama_Menu_1.file"],
		"title/bg/panorama2.png": ["Texture", "R/T/O/Panorama_Menu_2.file"],
		"title/bg/panorama3.png": ["Texture", "R/T/O/Panorama_Menu_3.file"],
		"title/bg/panorama4.png": ["Texture", "R/T/O/Panorama_Menu_4.file"],
		"title/bg/panorama5.png": ["Texture", "R/T/O/Panorama_Menu_5.file"],
		
		"mob/cavespider.png"   : ["Texture", "R/T/E/Spider/Poison.file"],
		"mob/enderman.png"     : ["Texture", "R/T/E/Enderman/Default.file"],
		"mob/enderman_eyes.png": ["Texture", "R/T/E/Enderman/Eyes.png"],
		
		"misc/explosion.png"    : ["Texture", "R/T/P/Explosion.png"],
		"misc/particlefield.png": ["Texture", "R/T/O/Portal_End.png"],
		
		"item/chest.png"     : ["Texture", "R/T/E/Chest/Default.png"],
		"item/largechest.png": ["Texture", "R/T/E/Chest/Default_Double.png"],
		"item/xporb.png"     : ["Texture", "R/T/P/XP.png"],
		
		"gui/crash_logo.png": "gui/logo.png",
		"gui/logo.png"      : null,
		
		"gui/allitems.png": ["Texture", "R/T/U/Creative_Old.file"],
		
		"gui/items.png": [ "Atlas", {
				"5" : {
					"6" : ["Texture", "R/T/I/Bow_Stage_0.png"],
					"7" : ["Texture", "R/T/I/Bow_Stage_1.png"],
					"8" : ["Texture", "R/T/I/Bow_Stage_2.png"]
				},
				"9" : {
					"6" : ["Texture", "R/T/I/Meat.png"],
					"7" : ["Texture", "R/T/I/Meat_Chicken.png"]
				},
				"10" : {
					"6" : ["Texture", "R/T/I/Meat_Cooked.png"],
					"7" : ["Texture", "R/T/I/Meat_Chicken_Cooked.png"]
				},
				"11" : {
					"5" : ["Animation", ["Texture", "R/T/I/Meat_Rotten.png"], false],
					"6" : ["Texture", "R/T/I/Pearl.png"]
				},
				"13" : {
					"3" : ["Texture", "R/T/I/Seeds_Pumpkin.png"],
					"6" : ["Texture", "R/T/I/Watermelon.png"]
				},
				"14" : {
					"3" : ["Texture", "R/T/I/Seeds_Watermelon.png"]
				}
			}
		],
		"gui/icons.png": [ "Atlas", {
				"0" : {
					"16" : ["Texture", "R/T/U/Ping_0.png"],
					"24" : ["Texture", "R/T/U/Ping_1.png"],
					"32" : ["Texture", "R/T/U/Ping_2.png"],
					"40" : ["Texture", "R/T/U/Ping_3.png"],
					"48" : ["Texture", "R/T/U/Ping_4.png"],
					"56" : ["Texture", "R/T/U/Ping.png"],
					
					"64" : ["Texture", "R/T/U/Bar_XP_Empty.png"],
					"69" : ["Texture", "R/T/U/Bar_XP.png"],
					
					"177" : ["Texture", "R/T/U/Host_0.png"],
					"185" : ["Texture", "R/T/U/Host_1.png"],
					"193" : ["Texture", "R/T/U/Host_2.png"],
					"201" : ["Texture", "R/T/U/Host_3.png"],
					"209" : ["Texture", "R/T/U/Host_4.png"],
					"217" : ["Texture", "R/T/U/Host.png"]
				},
				"10" : {
					"177" : ["Texture", "R/T/U/Host_Search_0.png"],
					"185" : ["Texture", "R/T/U/Host_Search_1.png"],
					"193" : ["Texture", "R/T/U/Host_Search_2.png"],
					"201" : ["Texture", "R/T/U/Host_Search_3.png"],
					"209" : ["Texture", "R/T/U/Host_Search_4.png"]
				},
				"16" : {
					"27" : ["Texture", "R/T/U/Food_Empty.png"]
				},
				"25" : {
					"9" : ["Texture", "R/T/U/Armor_Half.png"],
					"27" : ["Texture", "R/T/U/Food_Empty.png"]
				},
				"34" : {
					"27" : ["Texture", "R/T/U/Food_Empty.png"]
				},
				"43" : {
					"27" : ["Texture", "R/T/U/Food_Empty.png"]
				},
				"52" : {
					"27" : ["Texture", "R/T/U/Food.png"]
				},
				"61" : {
					"27" : ["Texture", "R/T/U/Food_Half.png"]
				},
				"70" : {
					"27" : ["Texture", "R/T/U/Food.png"]
				},
				"79" : {
					"27" : ["Texture", "R/T/U/Food_Half.png"]
				},
				"88" : {
					"0" : ["Texture", "R/T/U/Health_Poison.png"],
					"27" : ["Texture", "R/T/U/Food_Poison.png"]
				},
				"97" : {
					"0" : ["Texture", "R/T/U/Health_Poison_Half.png"],
					"27" : ["Texture", "R/T/U/Food_Poison_Half.png"]
				},
				"106" : {
					"0" : ["Texture", "R/T/U/Health_Poison.png"],
					"27" : ["Texture", "R/T/U/Food_Poison.png"]
				},
				"115" : {
					"0" : ["Texture", "R/T/U/Health_Poison_Half.png"],
					"27" : ["Texture", "R/T/U/Food_Poison_Half.png"]
				},
				"124" : {
					"27" : ["Texture", "R/T/U/Food_Poison_Empty.png"]
				},
				"133" : {
					"27" : ["Texture", "R/T/U/Food_Poison_Empty.png"]
				}
			}
		]
	}
}