{
	"Parent": "b1.8",
	
	"ID"  : "1.0",
	"Type": "Version",
	"Dev" : false,
	
	"Add": ["TexturePack"],
	
	"Files": {
		"terrain.png": [ "Atlas", {
				"0" : {
					"14" : ["Texture", "R/T/B/Nether_Bricks.png"]
				},
				"2" : {
					"14" : ["Texture", "R/T/B/Wart_0.png"]
				},
				"3" : {
					"14" : ["Texture", "R/T/B/Wart_1.png"]
				},
				"4" : {
					"14" : ["Texture", "R/T/B/Wart_2.png"]
				},
				"6" : {
					"10" : ["Animation", ["Texture", "R/T/B/Enchanting.png"], false],
					"11" : ["Animation", ["Texture", "R/T/B/Enchanting_Side.png"], false]
				},
				"7" : {
					"10" : ["Texture", "R/T/B/Egg_Dragon.png"],
					"11" : ["Texture", "R/T/B/Enchanting_Bottom.png"]
				},
				"10" : {
					"8" : ["Texture", "R/T/B/Cauldron_Top.png"],
					"9" : ["Texture", "R/T/B/Cauldron.png"]
				},
				"11" : {
					"8" : ["Texture", "R/T/B/Cauldron_Inner.png"],
					"9" : ["Texture", "R/T/B/Cauldron_Bottom.png"]
				},
				"12" : {
					"4" : ["Texture", "R/T/B/Lily.png"],
					"9" : ["Texture", "R/T/B/Brewing_Bottom.png"]
				},
				"13" : {
					"4" : ["Texture", "R/T/B/Mycelium_Dirt.png"],
					"9" : ["Texture", "R/T/B/Brewing.png"]
				},
				"14" : {
					"4" : ["Texture", "R/T/B/Mycelium.png"],
					"9" : ["Texture", "R/T/B/Portal_End_Frame.png"],
					"10" : ["Animation", ["Texture", "R/T/B/Portal_End_Frame_Pearl.png"], false]
				},
				"15" : {
					"9" : ["Texture", "R/T/B/Portal_End_Frame_Side.png"],
					"10" : ["Texture", "R/T/B/End.png"]
				}
			}
		],
		"particles.png": [ "Atlas", {
				"0" : {
					"7" : ["Texture", "R/T/P/Drops.png"],
					"8" : ["Texture", "R/T/P/Potion.png"],
					"9" : ["Texture", "R/T/P/Potion_Instant.png"],
					"15" : ["Texture", "R/T/P/Runes.png", [["Move", -120, 0]]]
				},
				"1" : {
					"14" : ["Texture", "R/T/P/Runes.png"]
				},
				"2" : {
					"4" : ["Texture", "R/T/P/Crit_Enchant.png"]
				}
			}
		],
		"terrain/moon_phases.png" : ["Texture", "R/T/O/Moon.png"],
		
		"mob/fire.png"   : ["Texture", "R/T/E/Blaze/Default.png"],
		"mob/lava.png"   : ["Texture", "R/T/E/Slime/Magma.png"],
		"mob/redcow.png" : ["Texture", "R/T/E/Cow/Mushroom_Red.png"],
		"mob/snowman.png": ["Texture", "R/T/E/Golem/Snow.png"],
		
		"mob/villager/villager.png" : ["Texture", "R/T/E/Villager/Old/Default.png"],
		"mob/villager/butcher.png"  : ["Texture", "R/T/E/Villager/Old/Butcher.png"],
		"mob/villager/farmer.png"   : ["Texture", "R/T/E/Villager/Old/Farmer.png"],
		"mob/villager/librarian.png": ["Texture", "R/T/E/Villager/Old/Librarian.png"],
		"mob/villager/priest.png"   : ["Texture", "R/T/E/Villager/Old/Priest.png"],
		"mob/villager/smith.png"    : ["Texture", "R/T/E/Villager/Old/Smith.png"],
		
		"mob/enderdragon/ender.png"     : ["Texture", "R/T/E/Dragon/End/Default.file"],
		"mob/enderdragon/ender_eyes.png": ["Texture", "R/T/E/Dragon/End/Eyes.png"],
		"mob/enderdragon/shuffle.png"   : ["Texture", "R/T/E/Dragon/End/Explosion.png"],
		"mob/enderdragon/crystal.png"   : ["Texture", "R/T/E/Dragon/End/Crystal.png"],
		"mob/enderdragon/beam.png"      : ["Texture", "R/T/P/Beam_End.png"],
		
		"misc/glint.png" : ["Texture", "R/T/O/Enchant.png"],
		"misc/tunnel.png": ["Texture", "R/T/O/End.png"],
		
		"item/book.png": ["Texture", "R/T/P/Book.png"],
		
		"font/alternate.png": ["Texture", "R/T/U/Font/Enchant.file"],
		
		"environment/light_normal.png": ["Texture", "R/T/O/Light.png"],
		
		"gui/alchemy.png": ["Texture", "R/T/U/Brewing.file"],
		"gui/enchant.png": ["Texture", "R/T/U/Enchant.file"],
		
		"gui/icons.png": [ "Atlas", {
				"0": {
					"74": ["Texture", "R/T/U/Bar_Health_Empty.png"],
					"79": ["Texture", "R/T/U/Bar_Health.png"]
				},
				"16": {
					"45": ["Texture", "R/T/U/Health_Empty.png"]
				},
				"25": {
					"45": ["Texture", "R/T/U/Health_Empty.png"]
				},
				"34": {
					"45": ["Texture", "R/T/U/Health_Empty.png"]
				},
				"43": {
					"45": ["Texture", "R/T/U/Health_Empty.png"]
				},
				"53": {
					"45": ["Texture", "R/T/U/Health_Hardcore.file"]
				},
				"61": {
					"45": ["Texture", "R/T/U/Health_Half.png"]
				},
				"70": {
					"45": ["Texture", "R/T/U/Health_Hardcore.file"]
				},
				"79": {
					"45": ["Texture", "R/T/U/Health_Half.png"]
				},
				"88": {
					"45": ["Texture", "R/T/U/Health_Poison_Hardcore.file"]
				},
				"97": {
					"45": ["Texture", "R/T/U/Health_Poison_Half.png"]
				},
				"106": {
					"45": ["Texture", "R/T/U/Health_Poison_Hardcore.file"]
				},
				"115": {
					"45": ["Texture", "R/T/U/Health_Poison_Half.png"]
				}
			}
		],
		"gui/inventory.png": ["Atlas", {
			"Size": [256, 256],
			"0": {
				"0"  : ["Texture", "R/T/U/Inventory_Old.file"],
				"166": ["Texture", "R/T/U/Inventory_Effect.png"],
				
				"198": ["Texture", "R/T/U/Effect/Speed+.png"],
				"216": ["Texture", "R/T/U/Effect/Invisible.png"],
				"234": ["Texture", "R/T/U/Effect/Oxygen.png"]
			},
			"18": {
				"198": ["Texture", "R/T/U/Effect/Speed-.png"],
				"216": ["Texture", "R/T/U/Effect/Hunger.png"]
			},
			"36": {
				"198": ["Texture", "R/T/U/Effect/Digging+.png"],
				"216": ["Texture", "R/T/U/Effect/Jump.png"]
			},
			"54": {
				"198": ["Texture", "R/T/U/Effect/Digging-.png"],
				"216": ["Texture", "R/T/U/Effect/Nausea.png"]
			},
			"72": {
				"198": ["Texture", "R/T/U/Effect/Strength+.png"],
				"216": ["Texture", "R/T/U/Effect/Vision+.png"]
			},
			"90": {
				"198": ["Texture", "R/T/U/Effect/Strength-.png"],
				"216": ["Texture", "R/T/U/Effect/Vision-.png"]
			},
			"108": {
				"198": ["Texture", "R/T/U/Effect/Poison.png"],
				"216": ["Texture", "R/T/U/Effect/Resistance.png"]
			},
			"126": {
				"198": ["Texture", "R/T/U/Effect/Regeneration.png"],
				"216": ["Texture", "R/T/U/Effect/Fire.png"]
			}
		}],
		
		"gui/items.png": ["Atlas", {
			"2": {
				"15": ["Texture", "R/T/I/Record_Blocks.png"]
			},
			"3": {
				"15": ["Texture", "R/T/I/Record_Chirp.png"]
			},
			"4": {
				"15": ["Texture", "R/T/I/Record_Far.png"]
			},
			"5": {
				"15": ["Texture", "R/T/I/Record_Mall.png"]
			},
			"6": {
				"15": ["Texture", "R/T/I/Record_Mellohi.png"]
			},
			"7": {
				"15": ["Texture", "R/T/I/Record_Stal.png"]
			},
			"8": {
				"15": ["Texture", "R/T/I/Record_Strad.png"]
			},
			"9": {
				"8" : ["Animation", ["Texture", "R/T/I/Watermelon_Gold.png"], false],
				"15": ["Texture", "R/T/I/Record_Ward.png"]
			},
			"10": {
				"8" : ["Texture", "R/T/I/Eye_Spider_Potion.png"],
				"9" : ["Texture", "R/T/I/Potion_Splash.png"],
				"15": ["Texture", "R/T/I/Record_11.png"]
			},
			"11": {
				"7" : ["Texture", "R/T/I/Ghast.png"],
				"8" : ["Texture", "R/T/I/Eye_Spider.png"],
				"9" : ["Animation", ["Texture", "R/T/I/Pearl_End.png"], false]
			},
			"12": {
				"6"  : ["Texture", "R/T/I/Blaze.png"],
				"7"  : ["Texture", "R/T/I/Gold_Nugget.png"],
				"8"  : ["Texture", "R/T/I/Potion.png"],
				"9"  : ["Texture", "R/T/I/Cauldron.png"],
				"10" : ["Texture", "R/T/I/Brewing.png"]
			},
			"13": {
				"7"  : ["Texture", "R/T/I/Wart.png"],
				"8"  : ["Animation", ["Texture", "R/T/I/Potion_Overlay.png"], false],
				"9"  : ["Animation", ["Texture", "R/T/I/Blaze_Dust.png"], false],
				"10" : ["Animation", ["Texture", "R/T/I/Lava.png"], false]
			},
			"14": {
				"2" : ["Animation", ["Texture", "R/T/I/Fire.png"], false]
			}
		}]
	}
}