{
	"Parent": "1.3",
	
	"ID"  : "1.4",
	"Type": "Version",
	"Dev" : false,
	
	"Add": ["TexturePack"],
	
	"Files": {
		"particles.png": ["Atlas", {
			"0": {
				"10": ["Texture", "R/T/P/Firework.png"]
			},
			"1": {
				"5": ["Texture", "R/T/P/Angry.png"]
			},
			"2": {
				"5": ["Texture", "R/T/P/Happy.png"]
			},
			"4": {
				"2": ["Texture", "R/T/P/Flash.png"]
			}
		}],
		"terrain.png": ["Atlas", {
			"7": {
				"13": ["Texture", "R/T/B/Anvil/Default.png"],
				"14": ["Texture", "R/T/B/Anvil/Top.png"]
			},
			"8": {
				"11": ["Animation", ["Texture", "R/T/B/Creative_Command.png"], false],
				"12": ["Texture", "R/T/B/Potato/0.png"],
				"13": ["Texture", "R/T/B/Anvil/Top_0.png"],
				"14": ["Texture", "R/T/B/Anvil/Top_1.png"]
			},
			"9": {
				"2" : ["Animation", ["Texture", "R/T/B/Beacon/Default.png"], false],
				"11": ["Texture", "R/T/B/Frame.png"],
				"12": ["Texture", "R/T/B/Potato/1.png"]
			},
			"10": {
				"11": ["Texture", "R/T/B/Pot.png"],
				"12": ["Texture", "R/T/B/Potato/2.png"]
			},
			"11": {
				"12": ["Texture", "R/T/B/Carrot/3.png"]
			},
			"12": {
				"12": ["Texture", "R/T/B/Potato/3.png"]
			}
		}],
		
		"mob/wolf_tame.png"  : ["Texture", "R/T/E/Wolf/Pet.png"],
		"mob/wolf_collar.png": ["Texture", "R/T/E/Wolf/Pet_Overlay.png"],
		
		"mob/bat.png"            : ["Texture", "R/T/E/Bat/Old.png"],
		"mob/skeleton_wither.png": ["Texture", "R/T/E/Skeleton/Wither.png"],
		"mob/wither.png"         : ["Texture", "R/T/E/Wither/Default.png"],
		"mob/wither_invul.png"   : ["Texture", "R/T/E/Wither/Armor.png"],
		"mob/zombie_villager.png": ["Texture", "R/T/E/Villager/Old/Zombie_Old.png"],
		"mob/zombie.png"         : ["Texture", "R/T/E/Zombie/Default.png"],
		
		"mob/villager/witch.png": ["Texture", "R/T/E/Witch/Default.png"],
		
		"misc/beam.png": ["Texture", "R/T/P/Beam_Beacon.png"],
		
		"item/xmaschest.png"     : ["Texture", "R/T/E/Chest/Xmas.png"],
		"item/largexmaschest.png": ["Texture", "R/T/E/Chest/Xmas_Double.png"],
		
		"armor/witherarmor.png": ["Texture", "R/T/E/Wither/Charge.png"],
		
		"armor/cloth_1.png"  : ["Texture", "R/T/E/Player/Armor/Leather.png", [["Crop", 0, 0, 64, 32]]],
		"armor/cloth_1_b.png": ["Texture", "R/T/E/Player/Armor/Leather_Overlay.png", [["Crop", 0, 0, 64, 32]]],
		"armor/cloth_2.png"  : ["Texture", "R/T/E/Player/Armor/Leather.png", [["Crop", 0, 32, 64, 32]]],
		"armor/cloth_2_b.png": ["Texture", "R/T/E/Player/Armor/Leather_Overlay.png", [["Crop", 0, 32, 64, 32]]],
		
		"art/kz.png": ["Atlas", {
			"10": {
				"8": ["Painting", 2, 2],
				"9": false
			},
			"11": {
				"8": false,
				"9": false
			}
		}],
		
		"gui/beacon.png": ["Texture", "R/T/U/Beacon.file"],
		"gui/repair.png": ["Texture", "R/T/U/Anvil.file"],
		
		"gui/inventory.png": ["Atlas", {
			"18": {
				"234": ["Texture", "R/T/U/Effect/Wither.png"]
			}
		}],
		
		"gui/icons.png": ["Atlas", {
			"124": {
				"0" : ["Texture", "R/T/U/Health/Wither_Full.png"],
				"45": ["Texture", "R/T/U/Health/Wither_Hardcore.file"]
			},
			"133": {
				"0" : ["Texture", "R/T/U/Health/Wither_Half.png"],
				"45": ["Texture", "R/T/U/Health/Wither_Half.png"]
			},
			"142": {
				"0" : ["Texture", "R/T/U/Health/Wither_Full.png"],
				"45": ["Texture", "R/T/U/Health/Wither_Hardcore.file"]
			},
			"151": {
				"0" : ["Texture", "R/T/U/Health/Wither_Half.png"],
				"45": ["Texture", "R/T/U/Health/Wither_Half.png"]
			}
		}],
		
		"gui/items.png": ["Atlas", {
			"0": {
				"0": ["Texture", "R/T/I/Helmet/Leather.png"],
				"1": ["Texture", "R/T/I/Chestplate/Leather.png"],
				"2": ["Texture", "R/T/I/Pants/Leather.png"],
				"3": ["Texture", "R/T/I/Boots/Leather.png"],
				
				"9" : ["Texture", "R/T/I/Helmet/Leather_Overlay.png"],
				"10": ["Texture", "R/T/I/Chestplate/Leather_Overlay.png"],
				"11": ["Texture", "R/T/I/Pants/Leather_Overlay.png"],
				"12": ["Texture", "R/T/I/Boots/Leather_Overlay.png"],
				
				"14": ["Texture", "R/T/I/Head/Skeleton.png"]
			},
			"1": {
				"14": ["Texture", "R/T/I/Head/Wither.png"]
			},
			"2": {
				"14": ["Texture", "R/T/I/Head/Zombie.png"]
			},
			"3": {
				"14": ["Texture", "R/T/I/Head/Player.png"]
			},
			"4": {
				"14": ["Texture", "R/T/I/Head/Creeper.png"]
			},
			"6": {
				"6": ["Texture", "R/T/I/Fishing/Carrot.png"],
				"7": ["Texture", "R/T/I/Potato/Cooked.png"],
				"8": ["Texture", "R/T/I/Potato/Poison.png"],
				"9": ["Texture", "R/T/I/Carrot/Gold.png"]
			},
			"7": {
				"7": ["Texture", "R/T/I/Potato/Default.png"]
			},
			"8": {
				"7": ["Texture", "R/T/I/Carrot/Default.png"],
				
				"9": ["Texture", "R/T/I/Pie.png"]
			},
			"9": {
				"11": ["Animation", ["Texture", "R/T/I/Star.png"], false],
				"12": ["Texture", "R/T/I/Firework/Default.png"]
			},
			"10": {
				"12": ["Texture", "R/T/I/Firework/Charge.png"]
			},
			"11": {
				"12": ["Texture", "R/T/I/Firework/Charge_Overlay.png"],
				"15": ["Texture", "R/T/I/Record/Wait.png"]
			},
			"13": {
				"11": ["Texture", "R/T/I/Pot.png"],
				"12": ["Texture", "R/T/I/Map/Empty.png"]
			},
			"14": {
				"12": ["Texture", "R/T/I/Frame.png"]
			},
			"15": {
				"12": ["Texture", "R/T/I/Book/Enchant.png"]
			}
		}]
	}
}