{
	"Parent": "c0.0.11",
	
	"ID"  : "rd161348",
	"Name": "RubyDung 161348",
	"Type": "Version",
	"Dev" : false,
	
	"Add": ["ReplacePack"],
	
	"Files": {
		"terrain.png": [ "Atlas", {
				"1" : {
					"1" : ["Texture", "R/T/B/Bedrock.png"]
				},
				"13" : {
					"0" : ["Texture", "R/T/B/Liquid/Water_Single.file", [["Fixed", null, null, null, 255]]]
				},
				"14" : {
					"0" : ["Texture", "R/T/B/Liquid/Water_Single.file"],
					"1" : ["Animation", ["Texture", "R/T/B/Liquid/Lava.png"], false]
				}
			}
		],
		
		"default.gif": null
	}
}