{
	"Parent": "1.5",
	
	"ID"  : "1.6",
	"Type": "Version",
	"Dev" : false,
	
	"Add": ["ResourcePack"],
	
	"Addon": {
		"Mods": ["LuckyBlock_1.6.4", "IC2_1.6.4"]
	},
	
	"PackFormat": 1,
	
	"Files": {
		"assets/minecraft/": {
			"texts/splashes.txt": ["Splashes"],
			"textures/": {
				"particle/particles.png": "particles.png",
				"particle/footprint.png": "misc/footprint.png",
				
				"blocks/": [ "Actions",
					"textures/blocks/",
					{
						"rail_activator.png"        : ["Rename", "activatorRail.png"],
						"rail_activator_powered.png": ["Rename", "activatorRail_powered.png"],
						"rail_detector.png"         : ["Rename", "detectorRail.png"],
						"rail_detector_powered.png" : ["Rename", "detectorRail_on.png"],
						
						"coal_block.png"    : ["Texture", "R/T/B/Coal.png"],
						"diamond_block.png" : ["Rename", "blockDiamond.png"],
						"emerald_block.png" : ["Rename", "blockEmerald.png"],
						"gold_block.png"    : ["Rename", "blockGold.png"],
						"iron_block.png"    : ["Rename", "blockIron.png"],
						"lapis_block.png"   : ["Rename", "blockLapis.png"],
						"redstone_block.png": ["Rename", "blockRedstone.png"],
						
						"brewing_stand.png"     : ["Rename", "brewingStand.png"],
						"brewing_stand_base.png": ["Rename", "brewingStand_base.png"],
						
						"carrots_stage_0.png": ["Rename", "carrots_0.png"],
						"carrots_stage_1.png": ["Rename", "carrots_1.png"],
						"carrots_stage_2.png": ["Rename", "carrots_2.png"],
						"carrots_stage_3.png": ["Rename", "carrots_3.png"],
						
						"wool_colored_white.png"     : ["Rename", "cloth_0.png"],
						"wool_colored_orange.png"    : ["Rename", "cloth_1.png"],
						"wool_colored_magenta.png"   : ["Rename", "cloth_2.png"],
						"wool_colored_light_blue.png": ["Rename", "cloth_3.png"],
						"wool_colored_yellow.png"    : ["Rename", "cloth_4.png"],
						"wool_colored_lime.png"      : ["Rename", "cloth_5.png"],
						"wool_colored_pink.png"      : ["Rename", "cloth_6.png"],
						"wool_colored_gray.png"      : ["Rename", "cloth_7.png"],
						"wool_colored_silver.png"    : ["Rename", "cloth_8.png"],
						"wool_colored_cyan.png"      : ["Rename", "cloth_9.png"],
						"wool_colored_purple.png"    : ["Rename", "cloth_10.png"],
						"wool_colored_blue.png"      : ["Rename", "cloth_11.png"],
						"wool_colored_brown.png"     : ["Rename", "cloth_12.png"],
						"wool_colored_green.png"     : ["Rename", "cloth_13.png"],
						"wool_colored_red.png"       : ["Rename", "cloth_14.png"],
						"wool_colored_black.png"     : ["Rename", "cloth_15.png"],
						
						"cocoa_stage_0.png": ["Rename", "cocoa_0.png"],
						"cocoa_stage_1.png": ["Rename", "cocoa_1.png"],
						"cocoa_stage_2.png": ["Rename", "cocoa_2.png"],
						
						"command_block.png": ["Rename", "commandBlock.png"],
						
						"comparator_off.png": ["Rename", "comparator.png"],
						"comparator_on.png" : ["Rename", "comparator_lit.png"],
						
						"wheat_stage_0.png" : ["Rename", "crops_0.png"],
						"wheat_stage_1.png" : ["Rename", "crops_1.png"],
						"wheat_stage_2.png" : ["Rename", "crops_2.png"],
						"wheat_stage_3.png" : ["Rename", "crops_3.png"],
						"wheat_stage_4.png" : ["Rename", "crops_4.png"],
						"wheat_stage_5.png" : ["Rename", "crops_5.png"],
						"wheat_stage_6.png" : ["Rename", "crops_6.png"],
						"wheat_stage_7.png" : ["Rename", "crops_7.png"],
						
						"daylight_detector_side.png": ["Rename", "daylightDetector_side.png"],
						"daylight_detector_top.png" : ["Rename", "daylightDetector_top.png"],
						
						"destroy_stage_0.png" : ["Rename", "destroy_0.png"],
						"destroy_stage_1.png" : ["Rename", "destroy_1.png"],
						"destroy_stage_2.png" : ["Rename", "destroy_2.png"],
						"destroy_stage_3.png" : ["Rename", "destroy_3.png"],
						"destroy_stage_4.png" : ["Rename", "destroy_4.png"],
						"destroy_stage_5.png" : ["Rename", "destroy_5.png"],
						"destroy_stage_6.png" : ["Rename", "destroy_6.png"],
						"destroy_stage_7.png" : ["Rename", "destroy_7.png"],
						"destroy_stage_8.png" : ["Rename", "destroy_8.png"],
						"destroy_stage_9.png" : ["Rename", "destroy_9.png"],
						
						"water_still.png" : ["Rename", "water.png"],
						"lava_still.png"  : ["Rename", "lava.png"],
						
						"torch_on.png"  : ["Rename", "torch.png"],
						
						"coal_ore.png"    : ["Rename", "oreCoal.png"],
						"diamond_ore.png" : ["Rename", "oreDiamond.png"],
						"emerald_ore.png" : ["Rename", "oreEmerald.png"],
						"gold_ore.png"    : ["Rename", "oreGold.png"],
						"iron_ore.png"    : ["Rename", "oreIron.png"],
						"lapis_ore.png"   : ["Rename", "oreLapis.png"],
						"redstone_ore.png": ["Rename", "oreRedstone.png"],
						
						"end_stone.png": ["Rename", "whiteStone.png"],
						
						"planks_oak.png"   : ["Rename", "wood.png"],
						"planks_birch.png" : ["Rename", "wood_birch.png"],
						"planks_spruce.png": ["Rename", "wood_spruce.png"],
						"planks_jungle.png": ["Rename", "wood_jungle.png"],
						
						"sapling_oak.png": ["Rename", "sapling.png"],
						
						"glass_pane_top.png": ["Rename", "thinglass_top.png"],
						
						"dragon_egg.png": ["Rename", "dragonEgg.png"],
						
						"fire_layer_0.png": ["Rename", "fire_0.png"],
						"fire_layer_1.png": ["Rename", "fire_1.png"],
						
						"flower_pot.png"      : ["Rename", "flowerPot.png"],
						"flower_dandelion.png": ["Rename", "flower.png"],
						"flower_rose.png"     : ["Rename", "rose.png"],
						
						"cobblestone.png"      : ["Rename", "stonebrick.png"],
						"cobblestone_mossy.png": ["Rename", "stoneMoss.png"],
						
						"stonebrick.png"        : ["Rename", "stonebricksmooth.png"],
						"stonebrick_carved.png" : ["Rename", "stonebricksmooth_carved.png"],
						"stonebrick_cracked.png": ["Rename", "stonebricksmooth_cracked.png"],
						"stonebrick_mossy.png"  : ["Rename", "stonebricksmooth_mossy.png"],
						
						"stone_slab_side.png": ["Rename", "stoneslab_side.png"],
						"stone_slab_top.png" : ["Rename", "stoneslab_top.png"],
						
						"sandstone_normal.png" : ["Rename", "sandstone_side.png"],
						
						"pumpkin_face_off.png" : ["Rename", "pumpkin_face.png"],
						"pumpkin_face_on.png"  : ["Rename", "pumpkin_jack.png"],
						
						"netherrack.png"   : ["Rename", "hellrock.png"],
						"soul_sand.png"    : ["Rename", "hellsand.png"],
						"glowstone.png"    : ["Rename", "lightgem.png"],
						"nether_brick.png" : ["Rename", "netherBrick.png"],
						
						"mycelium_top.png"  : ["Rename", "mycel_top.png"],
						"mycelium_side.png" : ["Rename", "mycel_side.png"],
						
						"quartz_ore.png" : ["Rename", "netherquartz.png"],
						
						"quartz_block_bottom.png"      : ["Rename", "quartzblock_bottom.png"],
						"quartz_block_chiseled.png"    : ["Rename", "quartzblock_chiseled.png"],
						"quartz_block_chiseled_top.png": ["Rename", "quartzblock_chiseled_top.png"],
						"quartz_block_lines.png"       : ["Rename", "quartzblock_lines.png"],
						"quartz_block_lines_top.png"   : ["Rename", "quartzblock_lines_top.png"],
						"quartz_block_side.png"        : ["Rename", "quartzblock_side.png"],
						"quartz_block_top.png"         : ["Rename", "quartzblock_top.png"],
						
						"leaves_oak.png"         : ["Rename", "leaves.png"],
						"leaves_oak_opaque.png"  : ["Rename", "leaves_opaque.png"],
						"leaves_birch.png"       : ["Texture", "R/T/B/Leaves_Birch.file"],
						"leaves_birch_opaque.png": ["Texture", "R/T/B/Leaves_Birch_Solid.file"],
						
						"log_birch.png"     : ["Rename", "tree_birch.png"],
						"log_birch_top.png" : ["Texture", "R/T/B/Tree_Birch_Top.png"],
						"log_jungle.png"    : ["Rename", "tree_jungle.png"],
						"log_jungle_top.png": ["Texture", "R/T/B/Tree_Jungle_Top.png"],
						"log_oak.png"       : ["Rename", "tree_side.png"],
						"log_oak_top.png"   : ["Rename", "tree_top.png"],
						"log_spruce.png"    : ["Rename", "tree_spruce.png"],
						"log_spruce_top.png": ["Texture", "R/T/B/Tree_Spruce_Top.png"],
						
						"redstone_lamp_off.png": ["Rename", "redstoneLight.png"],
						"redstone_lamp_on.png" : ["Rename", "redstoneLight_lit.png"],
						
						"noteblock.png"   : ["Rename", "musicBlock.png"],
						"jukebox_side.png": ["Texture", "R/T/B/Jukebox_Side.png"],
						
						"itemframe_background.png": ["Rename", "itemframe_back.png"],
						
						"furnace_front_off.png": ["Rename", "furnace_front.png"],
						"furnace_front_on.png" : ["Rename", "furnace_front_lit.png"],
						
						"repeater_off.png" : ["Rename", "repeater.png"],
						"repeater_on.png"  : ["Rename", "repeater_lit.png"],
						
						"redstone_torch_off.png": ["Rename", "redtorch.png"],
						"redstone_torch_on.png" : ["Rename", "redtorch_lit.png"],
						
						"door_wood_upper.png": ["Rename", "doorWood_upper.png"],
						"door_wood_lower.png": ["Rename", "doorWood_lower.png"],
						"door_iron_upper.png": ["Rename", "doorIron_upper.png"],
						"door_iron_lower.png": ["Rename", "doorIron_lower.png"],
						
						"dispenser_front_horizontal.png": ["Rename", "dispenser_front.png"],
						"dropper_front_horizontal.png"  : ["Rename", "dropper_front.png"],
						
						"hopper_outside.png": ["Rename", "hopper.png"],
						
						"trip_wire_source.png": ["Rename", "tripWireSource.png"],
						"trip_wire.png"       : ["Rename", "tripWire.png"],
						
						"iron_bars.png": ["Rename", "fenceIron.png"],
						
						"enchanting_table_top.png"   : ["Rename", "enchantment_top.png"],
						"enchanting_table_side.png"  : ["Rename", "enchantment_side.png"],
						"enchanting_table_bottom.png": ["Rename", "enchantment_bottom.png"],
						
						"crafting_table_front.png": ["Rename", "workbench_front.png"],
						"crafting_table_side.png" : ["Rename", "workbench_side.png"],
						"crafting_table_top.png"  : ["Rename", "workbench_top.png"],
						
						"redstone_dust_cross.png"        : ["Rename", "redstoneDust_cross.png"],
						"redstone_dust_cross_overlay.png": ["Rename", "redstoneDust_cross_overlay.png"],
						"redstone_dust_line.png"         : ["Rename", "redstoneDust_line.png"],
						"redstone_dust_line_overlay.png" : ["Rename", "redstoneDust_line_overlay.png"],
						
						"rail_normal.png"        : ["Rename", "rail.png"],
						"rail_normal_turned.png" : ["Rename", "rail_turn.png"],
						"rail_golden.png"        : ["Rename", "goldenRail.png"],
						"rail_golden_powered.png": ["Rename", "goldenRail_powered.png"],
						
						"potatoes_stage_0.png": ["Rename", "potatoes_0.png"],
						"potatoes_stage_1.png": ["Rename", "potatoes_1.png"],
						"potatoes_stage_2.png": ["Rename", "potatoes_2.png"],
						"potatoes_stage_3.png": ["Rename", "potatoes_3.png"],
						
						"pumpkin_stem_connected.png"   : ["Rename", "stem_bent.png"],
						"pumpkin_stem_disconnected.png": ["Rename", "stem_straight.png"],
						"melon_stem_connected.png"     : ["Texture", "R/T/B/Stem_Watermelon_Connect.png"],
						"melon_stem_disconnected.png"  : ["Texture", "R/T/B/Stem_Watermelon.png"],
						
						"anvil_top_damaged_0.png": ["Rename", "anvil_top.png"],
						
						"hardened_clay.png"                   : ["Texture", "R/T/B/Clay_Dry.png"],
						"hardened_clay_stained_black.png"     : ["Texture", "R/T/B/Clay_Dry_Black.file"],
						"hardened_clay_stained_blue.png"      : ["Texture", "R/T/B/Clay_Dry_Blue.file"],
						"hardened_clay_stained_brown.png"     : ["Texture", "R/T/B/Clay_Dry_Brown.file"],
						"hardened_clay_stained_cyan.png"      : ["Texture", "R/T/B/Clay_Dry_Cyan.file"],
						"hardened_clay_stained_gray.png"      : ["Texture", "R/T/B/Clay_Dry_Gray.file"],
						"hardened_clay_stained_green.png"     : ["Texture", "R/T/B/Clay_Dry_Green.file"],
						"hardened_clay_stained_light_blue.png": ["Texture", "R/T/B/Clay_Dry_Aqua.file"],
						"hardened_clay_stained_lime.png"      : ["Texture", "R/T/B/Clay_Dry_Lime.file"],
						"hardened_clay_stained_magenta.png"   : ["Texture", "R/T/B/Clay_Dry_Magenta.file"],
						"hardened_clay_stained_orange.png"    : ["Texture", "R/T/B/Clay_Dry_Orange.file"],
						"hardened_clay_stained_pink.png"      : ["Texture", "R/T/B/Clay_Dry_Pink.file"],
						"hardened_clay_stained_purple.png"    : ["Texture", "R/T/B/Clay_Dry_Purple.file"],
						"hardened_clay_stained_red.png"       : ["Texture", "R/T/B/Clay_Dry_Red.file"],
						"hardened_clay_stained_silver.png"    : ["Texture", "R/T/B/Clay_Dry_Silver.file"],
						"hardened_clay_stained_white.png"     : ["Texture", "R/T/B/Clay_Dry_White.file"],
						"hardened_clay_stained_yellow.png"    : ["Texture", "R/T/B/Clay_Dry_Yellow.file"],
						
						"hay_block_top.png" : ["Texture", "R/T/B/Hay_Top.png"],
						"hay_block_side.png": ["Texture", "R/T/B/Hay.png"],
						
						"piston_top_normal.png": ["Rename", "piston_top.png"],
						
						"grass_side_snowed.png": ["Rename", "snow_side.png"],
						
						"mushroom_block_inside.png"    : ["Rename", "mushroom_inside.png"],
						"mushroom_block_skin_brown.png": ["Rename", "mushroom_skin_brown.png"],
						"mushroom_block_skin_red.png"  : ["Rename", "mushroom_skin_red.png"],
						"mushroom_block_skin_stem.png" : ["Rename", "mushroom_skin_stem.png"],
					}
				],
				
				"colormap/": {
					"foliage.png": "misc/foliagecolor.png",
					"grass.png"  : "misc/grasscolor.png",
				},
				
				"environment/": {
					"end_sky.png"    : "misc/tunnel.png",
					"clouds.png"     : "environment/clouds.png",
					"moon_phases.png": "environment/moon_phases.png",
					"rain.png"       : "environment/rain.png",
					"snow.png"       : "environment/snow.png",
					"sun.png"        : "environment/sun.png"
				},
				
				"font/": {
					"ascii.png"    : "font/default.png",
					"ascii_sga.png": "font/alternate.png",
					
					"unicode_page_00.png": ["Texture", "R/T/U/Font/Unicode_00.file"],
					
					"unicode_page_04.png": ["Texture", "R/T/U/Font/Unicode_04.file"],
					
					"unicode_page_21.png": ["Texture", "R/T/U/Font/Unicode_21.file"]
				},
				
				"map/": {
					"map_background.png": "misc/mapbg.png",
					"map_icons.png"     : "misc/mapicons.png"
				},
				
				"misc/": {
					"enchanted_item_glint.png": "misc/glint.png",
					"pumpkinblur.png"         : "misc/pumpkinblur.png",
					"shadow.png"              : "misc/shadow.png",
					"underwater.png"          : "misc/water.png",
					"unknown_pack.png"        : "gui/unknown_pack.png",
					"vignette.png"            : "misc/vignette.png",
					
					"shadow.png.mcmeta"              : ["Json", { "texture": { "clamp": true } }],
					"enchanted_item_glint.png.mcmeta": ["Json", { "texture": { "blur": false } }],
					"pumpkinblur.png.mcmeta"         : ["Json", { "texture": { "blur": false } }],
					"vignette.png.mcmeta"            : ["Json", { "texture": { "blur": true } }]
				},
				
				"painting/paintings_kristoffer_zetterstrand.png": "art/kz.png",
				
				"models/armor/": {
					"chainmail_layer_1.png": "armor/chain_1.png",
					"chainmail_layer_2.png": "armor/chain_2.png",
					
					"diamond_layer_1.png": "armor/diamond_1.png",
					"diamond_layer_2.png": "armor/diamond_2.png",
					
					"gold_layer_1.png": "armor/gold_1.png",
					"gold_layer_2.png": "armor/gold_2.png",
					
					"iron_layer_1.png": "armor/iron_1.png",
					"iron_layer_2.png": "armor/iron_2.png",
					
					"leather_layer_1.png"        : "armor/cloth_1.png",
					"leather_layer_1_overlay.png": "armor/cloth_1_b.png",
					"leather_layer_2.png"        : "armor/cloth_2.png",
					"leather_layer_2_overlay.png": "armor/cloth_2_b.png"
				},
				
				"entity/": {
					"arrow.png"                : "item/arrows.png",
					"bat.png"                  : "mob/bat.png",
					"beacon_beam.png"          : "misc/beam.png",
					"blaze.png"                : "mob/fire.png",
					"boat.png"                 : "item/boat.png",
					"chicken.png"              : "mob/chicken.png",
					"enchanting_table_book.png": "item/book.png",
					"end_portal.png"           : "misc/particlefield.png",
					"experience_orb.png"       : "item/xporb.png",
					"explosion.png"            : "misc/explosion.png",
					"iron_golem.png"           : "mob/villager_golem.png",
					"lead_knot.png"            : ["Texture", "R/T/P/Lead.png"],
					"minecart.png"             : "item/cart.png",
					"sign.png"                 : "item/sign.png",
					"silverfish.png"           : "mob/silverfish.png",
					"snowman.png"              : "mob/snowman.png",
					"spider_eyes.png"          : "mob/spider_eyes.png",
					"squid.png"                : "mob/squid.png",
					"steve.png"                : "mob/char.png",
					"witch.png"                : "mob/villager/witch.png",
					"zombie_pigman.png"        : "mob/pigzombie.png",
					
					"zombie/": {
						"zombie.png"         : "mob/zombie.png",
						"zombie_villager.png": "mob/zombie_villager.png"
					},
					"wolf/": {
						"wolf.png"       : "mob/wolf.png",
						"wolf_angry.png" : "mob/wolf_angry.png",
						"wolf_tame.png"  : "mob/wolf_tame.png",
						"wolf_collar.png": "mob/wolf_collar.png"
					},
					"wither/": {
						"wither.png"             : "mob/wither.png",
						"wither_invulnerable.png": "mob/wither_invul.png",
						"wither_armor.png"       : "armor/witherarmor.png"
					},
					"villager/": ["Actions", "mob/villager/", { "witch.png": null }],
					"spider/": {
						"spider.png"     : "mob/spider.png",
						"cave_spider.png": "mob/cavespider.png"
					},
					"slime/": {
						"slime.png"    : "mob/slime.png",
						"magmacube.png": "mob/lava.png"
					},
					"skeleton/": {
						"skeleton.png"       : "mob/skeleton.png",
						"wither_skeleton.png": "mob/skeleton_wither.png"
					},
					"sheep/": {
						"sheep.png"    : "mob/sheep.png",
						"sheep_fur.png": "mob/sheep_fur.png"
					},
					"pig/": {
						"pig.png"       : "mob/pig.png",
						"pig_saddle.png": "mob/saddle.png"
					},
					"horse/": {
						
					},
					"ghast/": {
						"ghast.png"         : "mob/ghast.png",
						"ghast_shooting.png": "mob/ghast_fire.png"
					},
					"enderman/": {
						"enderman.png"     : "mob/enderman.png",
						"enderman_eyes.png": "mob/enderman_eyes.png"
					},
					"enderdragon/": {
						"dragon.png"          : "mob/enderdragon/ender.png",
						"dragon_exploding.png": "mob/enderdragon/shuffle.png",
						"dragon_eyes.png"     : "mob/enderdragon/ender_eyes.png"
					},
					"endercrystal/": {
						"endercrystal.png"     : "mob/enderdragon/crystal.png",
						"endercrystal_beam.png": "mob/enderdragon/beam.png"
					},
					"creeper/": {
						"creeper.png"      : "mob/creeper.png",
						"creeper_armor.png": "armor/power.png"
					},
					"cow/": {
						"cow.png"      : "mob/cow.png",
						"mooshroom.png": "mob/redcow.png"
					},
					"chest/": {
						"christmas.png"       : "item/xmaschest.png",
						"christmas_double.png": "item/largexmaschest.png",
						"ender.png"           : "item/enderchest.png",
						"normal.png"          : "item/chest.png",
						"normal_double.png"   : "item/largechest.png",
						"trapped.png"         : "item/chests/trap_small.png",
						"trapped_double.png"  : "item/chests/trap_large.png",
					},
					"cat/": {
						"black.png"  : "mob/cat_black.png",
						"red.png"    : "mob/cat_red.png",
						"siamese.png": "mob/cat_siamese.png",
						"ocelot.png" : "mob/ozelot.png",
					}
				},
				
				"gui/": {
					"achievement/achievement_background.png": "achievement/bg.png",
					
					"book.png"              : "gui/book.png",
					"demo_background.png"   : "gui/demo_bg.png",
					"icons.png"             : ["Actions", "gui/icons.png", ["Atlas", {
						"0": {
							"84": ["Texture", "R/T/U/Bar/Jump_Empty.png"],
							"89": ["Texture", "R/T/U/Bar/Jump.png"]
						},
						
						"52": {
							"9": ["Texture", "R/T/U/Health_Animal_Empty.png"]
						},
						"61": {
							"9": ["Texture", "R/T/U/Health_Animal_Empty.png"]
						},
						"70": {
							"9": ["Texture", "R/T/U/Health_Animal_Empty.png"]
						},
						"79": {
							"9": ["Texture", "R/T/U/Health_Animal_Empty.png"]
						},
						"88": {
							"9": ["Texture", "R/T/U/Health_Animal.png"]
						},
						"97": {
							"9": ["Texture", "R/T/U/Health_Animal_Half.png"]
						},
						"106": {
							"9": ["Texture", "R/T/U/Health_Animal.png"]
						},
						"115": {
							"9": ["Texture", "R/T/U/Health_Animal_Half.png"]
						},
						
						"160": {
							"0" : ["Texture", "R/T/U/Health_Absorption.png"],
							"45": ["Texture", "R/T/U/Health_Absorption.png"]
						},
						"169": {
							"0" : ["Texture", "R/T/U/Health_Absorption_Half.png"],
							"45": ["Texture", "R/T/U/Health_Absorption_Half.png"]
						}
					}]],
					"options_background.png": "gui/background.png",
					"widgets.png"           : ["Actions", "gui/gui.png", ["Atlas", {
						"166": {
							"22": ["Texture", "R/T/U/Mail_Hover.png"]
						},
						"182": {
							"22": ["Texture", "R/T/U/Mail.png"]
						},
						"198": {
							"22": ["Texture", "R/T/U/Mail_Total.png"]
						}
					}]],
					
					"title/": {
						"mojang.png"   : "title/mojang.png",
						"minecraft.png": "title/mclogo.png",
						"background/": {
							"panorama_0.png": "title/bg/panorama0.png",
							"panorama_1.png": "title/bg/panorama1.png",
							"panorama_2.png": "title/bg/panorama2.png",
							"panorama_3.png": "title/bg/panorama3.png",
							"panorama_4.png": "title/bg/panorama4.png",
							"panorama_5.png": "title/bg/panorama5.png"
						}
					},
					
					"container/": {
						"anvil.png"           : "gui/repair.png",
						"beacon.png"          : "gui/beacon.png",
						"brewing_stand.png"   : "gui/alchemy.png",
						"crafting_table.png"  : "gui/crafting.png",
						"dispenser.png"       : "gui/trap.png",
						"enchanting_table.png": "gui/enchant.png",
						"furnace.png"         : "gui/furnace.png",
						"generic_54.png"      : "gui/container.png",
						"hopper.png"          : "gui/hopper.png",
						"horse.png"           : ["Texture", "R/T/U/Horse.file"],
						"inventory.png": ["Actions", "gui/inventory.png", ["Atlas", {
							"36": {
								"234": ["Texture", "R/T/U/Effect/Absorption.png"]
							}
						}]],
						"stats_icons.png": "gui/slot.png",
						"villager.png"   : "gui/trading.png",
						
						"creative_inventory/": {
							"tab_inventory.png"  : "gui/creative_inv/survival_inv.png",
							"tab_item_search.png": "gui/creative_inv/search.png",
							"tab_items.png"      : "gui/creative_inv/list_items.png",
							"tabs.png"           : "gui/allitems.png",
						}
					}
				},
				
				"items/": [ "Actions",
					"textures/items/",
					{
						"apple_golden.png": ["Rename", "appleGold.png"],
						
						"mushroom_stew.png": ["Rename", "mushroomStew.png"],
						
						"porkchop_raw.png"   : ["Rename", "porkchopRaw.png"],
						"porkchop_cooked.png": ["Rename", "porkchopCooked.png"],
						"beef_raw.png"       : ["Rename", "beefRaw.png"],
						"beef_cooked.png"    : ["Rename", "beefCooked.png"],
						"fish_raw.png"       : ["Rename", "fishRaw.png"],
						"fish_cooked.png"    : ["Rename", "fishCooked.png"],
						"chicken_raw.png"    : ["Rename", "chickenRaw.png"],
						"chicken_cooked.png" : ["Rename", "chickenCooked.png"],
						
						"spider_eye.png": ["Rename", "spiderEye.png"],
						
						"carrot.png"       : ["Rename", "carrots.png"],
						"carrot_golden.png": ["Rename", "carrotGolden.png"],
						
						"potato_baked.png"    : ["Rename", "potatoBaked.png"],
						"potato_poisonous.png": ["Rename", "potatoPoisonous.png"],
						
						"pumpkin_pie.png": ["Rename", "pumpkinPie.png"],
						
						"item_frame.png" : ["Rename", "frame.png"],
						"flower_pot.png" : ["Rename", "flowerPot.png"],
						"skull_steve.png": ["Rename", "skull_char.png"],
						
						"redstone_dust.png": ["Rename", "redstone.png"],
						"repeater.png"     : ["Rename", "diode.png"],
						
						"door_wood.png": ["Rename", "doorWood.png"],
						"door_iron.png": ["Rename", "doorIron.png"],
						
						"minecart_normal.png" : ["Rename", "minecart.png"],
						"minecart_chest.png"  : ["Rename", "minecartChest.png"],
						"minecart_furnace.png": ["Rename", "minecartFurnace.png"],
						"minecart_hopper.png" : ["Rename", "minecartHopper.png"],
						"minecart_tnt.png"    : ["Rename", "minecartTnt.png"],
						
						"fishing_rod_uncast.png": ["Rename", "fishingRod.png"],
						"fishing_rod_cast.png"  : ["Rename", "fishingRod_empty.png"],
						"carrot_on_a_stick.png" : ["Rename", "carrotOnAStick.png"],
						
						"bucket_empty.png": ["Rename", "bucket.png"],
						"bucket_water.png": ["Rename", "bucketWater.png"],
						"bucket_lava.png" : ["Rename", "bucketLava.png"],
						"bucket_milk.png" : ["Rename", "milk.png"],
						
						"book_normal.png"   : ["Rename", "book.png"],
						"book_writable.png" : ["Rename", "writingBook.png"],
						"book_written.png"  : ["Rename", "writtenBook.png"],
						"book_enchanted.png": ["Rename", "enchantedBook.png"],
						
						"map_empty.png" : ["Rename", "emptyMap.png"],
						"map_filled.png": ["Rename", "map.png"],
						
						"ender_pearl.png": ["Rename", "enderPearl.png"],
						"ender_eye.png"  : ["Rename", "eyeOfEnder.png"],
						
						"potion_bottle_empty.png"    : ["Rename", "glassBottle.png"],
						"potion_bottle_drinkable.png": ["Rename", "potion.png"],
						"potion_bottle_splash.png"   : ["Rename", "potion_splash.png"],
						"potion_overlay.png"         : ["Rename", "potion_contents.png"],
						"experience_bottle.png"      : ["Rename", "expBottle.png"],
						
						"fireworks_charge.png"        : ["Rename", "fireworksCharge.png"],
						"fireworks_charge_overlay.png": ["Rename", "fireworksCharge_overlay.png"],
						
						"nether_star.png": ["Rename", "netherStar.png"],
						
						"spider_eye_fermented.png": ["Rename", "fermentedSpiderEye.png"],
						"magma_cream.png"         : ["Rename", "magmaCream.png"],
						"melon_speckled.png"      : ["Rename", "speckledMelon.png"],
						
						"brewing_stand.png": ["Rename", "brewingStand.png"],
						
						"flint_and_steel.png": ["Rename", "flintAndSteel.png"],
						
						"spawn_egg.png"        : ["Rename", "monsterPlacer.png"],
						"spawn_egg_overlay.png": ["Rename", "monsterPlacer_overlay.png"],
						
						"charcoal.png"   : ["Texture", "R/T/I/Coal_Wood.png"],
						"iron_ingot.png" : ["Rename", "ingotIron.png"],
						"gold_ingot.png" : ["Rename", "ingotGold.png"],
						"gold_nugget.png": ["Rename", "goldNugget.png"],
						
						"gunpowder.png": ["Rename", "sulphur.png"],
						
						"seeds_wheat.png": ["Rename", "seeds.png"],
						"nether_wart.png": ["Rename", "netherStalkSeeds.png"],
						
						"glowstone_dust.png": ["Rename", "yellowDust.png"],
						"blaze_rod.png"     : ["Rename", "blazeRod.png"],
						"blaze_powder.png"  : ["Rename", "blazePowder.png"],
						"quartz.png"        : ["Rename", "netherquartz.png"],
						
						"clay_ball.png": ["Rename", "clay.png"],
						
						"ghast_tear.png": ["Rename", "ghastTear.png"],
						
						"dye_powder_black.png"     : ["Rename", "dyePowder_black.png"],
						"dye_powder_blue.png"      : ["Rename", "dyePowder_blue.png"],
						"dye_powder_brown.png"     : ["Rename", "dyePowder_brown.png"],
						"dye_powder_cyan.png"      : ["Rename", "dyePowder_cyan.png"],
						"dye_powder_gray.png"      : ["Rename", "dyePowder_gray.png"],
						"dye_powder_green.png"     : ["Rename", "dyePowder_green.png"],
						"dye_powder_light_blue.png": ["Rename", "dyePowder_lightBlue.png"],
						"dye_powder_lime.png"      : ["Rename", "dyePowder_lime.png"],
						"dye_powder_magenta.png"   : ["Rename", "dyePowder_magenta.png"],
						"dye_powder_orange.png"    : ["Rename", "dyePowder_orange.png"],
						"dye_powder_pink.png"      : ["Rename", "dyePowder_pink.png"],
						"dye_powder_purple.png"    : ["Rename", "dyePowder_purple.png"],
						"dye_powder_red.png"       : ["Rename", "dyePowder_red.png"],
						"dye_powder_silver.png"    : ["Rename", "dyePowder_silver.png"],
						"dye_powder_white.png"     : ["Rename", "dyePowder_white.png"],
						"dye_powder_yellow.png"    : ["Rename", "dyePowder_yellow.png"],
						
						"empty_armor_slot_boots.png"     : ["Rename", "slot_empty_boots.png"],
						"empty_armor_slot_chestplate.png": ["Rename", "slot_empty_chestplate.png"],
						"empty_armor_slot_helmet.png"    : ["Rename", "slot_empty_helmet.png"],
						"empty_armor_slot_leggings.png"  : ["Rename", "slot_empty_leggings.png"],
						
						"leather_boots.png"             : ["Rename", "bootsCloth.png"],
						"leather_boots_overlay.png"     : ["Rename", "bootsCloth_overlay.png"],
						"leather_chestplate.png"        : ["Rename", "chestplateCloth.png"],
						"leather_chestplate_overlay.png": ["Rename", "chestplateCloth_overlay.png"],
						"leather_helmet.png"            : ["Rename", "helmetCloth.png"],
						"leather_helmet_overlay.png"    : ["Rename", "helmetCloth_overlay.png"],
						"leather_leggings.png"          : ["Rename", "leggingsCloth.png"],
						"leather_leggings_overlay.png"  : ["Rename", "leggingsCloth_overlay.png"],
						
						"chainmail_boots.png"     : ["Rename", "bootsChain.png"],
						"chainmail_chestplate.png": ["Rename", "chestplateChain.png"],
						"chainmail_helmet.png"    : ["Rename", "helmetChain.png"],
						"chainmail_leggings.png"  : ["Rename", "leggingsChain.png"],
						
						"iron_boots.png"     : ["Rename", "bootsIron.png"],
						"iron_chestplate.png": ["Rename", "chestplateIron.png"],
						"iron_helmet.png"    : ["Rename", "helmetIron.png"],
						"iron_leggings.png"  : ["Rename", "leggingsIron.png"],
						
						"diamond_boots.png"     : ["Rename", "bootsDiamond.png"],
						"diamond_chestplate.png": ["Rename", "chestplateDiamond.png"],
						"diamond_helmet.png"    : ["Rename", "helmetDiamond.png"],
						"diamond_leggings.png"  : ["Rename", "leggingsDiamond.png"],
						
						"gold_boots.png"     : ["Rename", "bootsGold.png"],
						"gold_chestplate.png": ["Rename", "chestplateGold.png"],
						"gold_helmet.png"    : ["Rename", "helmetGold.png"],
						"gold_leggings.png"  : ["Rename", "leggingsGold.png"],
						
						"diamond_sword.png": ["Rename", "swordDiamond.png"],
						"gold_sword.png"   : ["Rename", "swordGold.png"],
						"iron_sword.png"   : ["Rename", "swordIron.png"],
						"stone_sword.png"  : ["Rename", "swordStone.png"],
						"wood_sword.png"   : ["Rename", "swordWood.png"],
						
						"diamond_axe.png": ["Rename", "hatchetDiamond.png"],
						"gold_axe.png"   : ["Rename", "hatchetGold.png"],
						"iron_axe.png"   : ["Rename", "hatchetIron.png"],
						"stone_axe.png"  : ["Rename", "hatchetStone.png"],
						"wood_axe.png"   : ["Rename", "hatchetWood.png"],
						
						"diamond_pickaxe.png": ["Rename", "pickaxeDiamond.png"],
						"gold_pickaxe.png"   : ["Rename", "pickaxeGold.png"],
						"iron_pickaxe.png"   : ["Rename", "pickaxeIron.png"],
						"stone_pickaxe.png"  : ["Rename", "pickaxeStone.png"],
						"wood_pickaxe.png"   : ["Rename", "pickaxeWood.png"],
						
						"diamond_shovel.png": ["Rename", "shovelDiamond.png"],
						"gold_shovel.png"   : ["Rename", "shovelGold.png"],
						"iron_shovel.png"   : ["Rename", "shovelIron.png"],
						"stone_shovel.png"  : ["Rename", "shovelStone.png"],
						"wood_shovel.png"   : ["Rename", "shovelWood.png"],
						
						"diamond_hoe.png": ["Rename", "hoeDiamond.png"],
						"gold_hoe.png"   : ["Rename", "hoeGold.png"],
						"iron_hoe.png"   : ["Rename", "hoeIron.png"],
						"stone_hoe.png"  : ["Rename", "hoeStone.png"],
						"wood_hoe.png"   : ["Rename", "hoeWood.png"],
						
						"bow_standby.png"  : ["Rename", "bow.png"],
						"bow_pulling_0.png": ["Rename", "bow_pull_0.png"],
						"bow_pulling_1.png": ["Rename", "bow_pull_1.png"],
						"bow_pulling_2.png": ["Rename", "bow_pull_2.png"],
						
						"lead.png"    : ["Texture", "R/T/I/Lead.png"],
						"name_tag.png": ["Texture", "R/T/I/Tag.png"],
						
						"rotten_flesh.png": ["Rename", "rottenFlesh.png"],
						
						"iron_horse_armor.png"   : ["Texture", "R/T/I/Iron_Armor_Horse.png"],
						"gold_horse_armor.png"   : ["Texture", "R/T/I/Gold_Armor_Horse.png"],
						"diamond_horse_armor.png": ["Texture", "R/T/I/Diamond_Armor_Horse.png"],
					}
				]
			},
			
			"font/glyph_sizes.bin": ["File", "R/O/Font_Size.bin"]
		},
		
		"textures/": null,
		
		"particles.png": null,
		"terrain.png"  : null,
		
		"achievement/": null,
		"armor/"      : null,
		"art/"        : null,
		"environment/": null,
		"font/"       : null,
		"gui/"        : null,
		"item/"       : null,
		"misc/"       : null,
		"mob/"        : null,
		"title/"      : null
	}
}