{
	"Parent": "1.6",
	
	"ID"  : "1.7",
	"Type": "Version",
	"Dev" : false,
	
	"Add": ["ResourcePack"],
	
	"Addon": {
		"Mods": ["BetterFoliage_1.7.10"]
	},
	
	"Files": {
		"assets/minecraft/": {
			"textures/": {
				"blocks/": {
					"glass_black.png"     : ["Texture", "R/T/B/Glass/Black.file"],
					"glass_blue.png"      : ["Texture", "R/T/B/Glass/Blue.file"],
					"glass_brown.png"     : ["Texture", "R/T/B/Glass/Brown.file"],
					"glass_cyan.png"      : ["Texture", "R/T/B/Glass/Cyan.file"],
					"glass_gray.png"      : ["Texture", "R/T/B/Glass/Gray.file"],
					"glass_green.png"     : ["Texture", "R/T/B/Glass/Green.file"],
					"glass_light_blue.png": ["Texture", "R/T/B/Glass/Aqua.file"],
					"glass_lime.png"      : ["Texture", "R/T/B/Glass/Lime.file"],
					"glass_magenta.png"   : ["Texture", "R/T/B/Glass/Magenta.file"],
					"glass_orange.png"    : ["Texture", "R/T/B/Glass/Orange.file"],
					"glass_pink.png"      : ["Texture", "R/T/B/Glass/Pink.file"],
					"glass_purple.png"    : ["Texture", "R/T/B/Glass/Purple.file"],
					"glass_silver.png"    : ["Texture", "R/T/B/Glass/Silver.file"],
					"glass_red.png"       : ["Texture", "R/T/B/Glass/Red.file"],
					"glass_white.png"     : ["Texture", "R/T/B/Glass/White.file"],
					"glass_yellow.png"    : ["Texture", "R/T/B/Glass/Yellow.file"],
					
					"glass_pane_top_black.png"     : ["Texture", "R/T/B/Glass/Side.png"],
					"glass_pane_top_blue.png"      : ["Texture", "R/T/B/Glass/Side.png"],
					"glass_pane_top_brown.png"     : ["Texture", "R/T/B/Glass/Side.png"],
					"glass_pane_top_cyan.png"      : ["Texture", "R/T/B/Glass/Side.png"],
					"glass_pane_top_gray.png"      : ["Texture", "R/T/B/Glass/Side.png"],
					"glass_pane_top_green.png"     : ["Texture", "R/T/B/Glass/Side.png"],
					"glass_pane_top_light_blue.png": ["Texture", "R/T/B/Glass/Side.png"],
					"glass_pane_top_lime.png"      : ["Texture", "R/T/B/Glass/Side.png"],
					"glass_pane_top_magenta.png"   : ["Texture", "R/T/B/Glass/Side.png"],
					"glass_pane_top_orange.png"    : ["Texture", "R/T/B/Glass/Side.png"],
					"glass_pane_top_pink.png"      : ["Texture", "R/T/B/Glass/Side.png"],
					"glass_pane_top_purple.png"    : ["Texture", "R/T/B/Glass/Side.png"],
					"glass_pane_top_red.png"       : ["Texture", "R/T/B/Glass/Side.png"],
					"glass_pane_top_silver.png"    : ["Texture", "R/T/B/Glass/Side.png"],
					"glass_pane_top_white.png"     : ["Texture", "R/T/B/Glass/Side.png"],
					"glass_pane_top_yellow.png"    : ["Texture", "R/T/B/Glass/Side.png"],
					
					"double_plant_fern_top.png"        : ["Texture", "R/T/B/Grass_Fern_Double.png", [["Crop", 0, 0, 16, 16]]],
					"double_plant_fern_bottom.png"     : ["Texture", "R/T/B/Grass_Fern_Double.png", [["Crop", 0, 16, 16, 16]]],
					"double_plant_grass_top.png"       : ["Texture", "R/T/B/Grass_Double.png", [["Crop", 0, 0, 16, 16]]],
					"double_plant_grass_bottom.png"    : ["Texture", "R/T/B/Grass_Double.png", [["Crop", 0, 16, 16, 16]]],
					"double_plant_paeonia_top.png"     : ["Texture", "R/T/B/Bush_Pink.png", [["Crop", 0, 0, 16, 16]]],
					"double_plant_paeonia_bottom.png"  : ["Texture", "R/T/B/Bush_Pink.png", [["Crop", 0, 16, 16, 16]]],
					"double_plant_rose_top.png"        : ["Texture", "R/T/B/Bush_Red.png", [["Crop", 0, 0, 16, 16]]],
					"double_plant_rose_bottom.png"     : ["Texture", "R/T/B/Bush_Red.png", [["Crop", 0, 16, 16, 16]]],
					"double_plant_sunflower_top.png"   : ["Texture", "R/T/B/Sunflower.png", [["Crop", 0, 0, 16, 16]]],
					"double_plant_sunflower_bottom.png": ["Texture", "R/T/B/Sunflower.png", [["Crop", 0, 16, 16, 16]]],
					"double_plant_sunflower_front.png" : ["Texture", "R/T/B/Sunflower_Head.png"],
					"double_plant_sunflower_back.png"  : ["Texture", "R/T/B/Sunflower_Head_Back.file"],
					"double_plant_syringa_top.png"     : ["Texture", "R/T/B/Bush_Magenta.png", [["Crop", 0, 0, 16, 16]]],
					"double_plant_syringa_bottom.png"  : ["Texture", "R/T/B/Bush_Magenta.png", [["Crop", 0, 16, 16, 16]]],
					
					"flower_allium.png"      : ["Texture", "R/T/B/Flower_Magenta.png"],
					"flower_blue_orchid.png" : ["Texture", "R/T/B/Flower_Aqua.png"],
					"flower_houstonia.png"   : ["Texture", "R/T/B/Flower_Silver.png"],
					"flower_oxeye_daisy.png" : ["Texture", "R/T/B/Flower_Chamomile.png"],
					"flower_rose.png"        : ["Texture", "R/T/B/Flower_Red.png"],
					"flower_tulip_orange.png": ["Texture", "R/T/B/Flower_Tulip_Orange.png"],
					"flower_tulip_pink.png"  : ["Texture", "R/T/B/Flower_Tulip_Pink.png"],
					"flower_tulip_red.png"   : ["Texture", "R/T/B/Flower_Tulip_Red.png"],
					"flower_tulip_white.png" : ["Texture", "R/T/B/Flower_Tulip_White.png"],
					
					"red_sand.png"  : ["Texture", "R/T/B/Sand_Red.png"],
					"ice_packed.png": ["Texture", "R/T/B/Ice_Compress.png"],
					
					"leaves_acacia.png"        : ["Texture", "R/T/B/Leaves_Acacia.file"],
					"leaves_acacia_opaque.png" : ["Texture", "R/T/B/Leaves_Acacia_Solid.file"],
					"leaves_big_oak.png"       : ["Texture", "R/T/B/Leaves_Dark.file"],
					"leaves_big_oak_opaque.png": ["Texture", "R/T/B/Leaves_Dark_Solid.file"],
					
					"log_acacia.png"     : ["Texture", "R/T/B/Tree_Acacia.png"],
					"log_acacia_top.png" : ["Texture", "R/T/B/Tree_Acacia_Top.png"],
					"log_big_oak.png"    : ["Texture", "R/T/B/Tree_Dark.png"],
					"log_big_oak_top.png": ["Texture", "R/T/B/Tree_Dark_Top.png"],
					
					"sapling_acacia.png"    : ["Texture", "R/T/B/Sapling_Acacia.png"],
					"sapling_roofed_oak.png": ["Texture", "R/T/B/Sapling_Dark.png"],
					
					"planks_acacia.png" : ["Texture", "R/T/B/Planks_Acacia.png"],
					"planks_big_oak.png": ["Texture", "R/T/B/Planks_Dark.png"],
				},
				
				"gui/": {
					"stream_indicator.png": ["Texture", "R/T/U/Stream.png"],
					"resource_packs.png"  : ["Texture", "R/T/U/Selector.png"]
				},
				
				"items/": {
					"minecart_command_block.png": ["Texture", "R/T/I/Minecart_Command.png"],
					
					"fish_cod_raw.png"       : ["Rename", "fish_raw.png"],
					"fish_cod_cooked.png"    : ["Rename", "fish_cooked.png"],
					"fish_salmon_raw.png"    : ["Texture", "R/T/I/Fish_Salmon.png"],
					"fish_salmon_cooked.png" : ["Texture", "R/T/I/Fish_Salmon_Cooked.png"],
					"fish_clownfish_raw.png" : ["Texture", "R/T/I/Fish_Clown.png"],
					"fish_pufferfish_raw.png": ["Texture", "R/T/I/Fish_Puffer.png"]
				}
			}
		}
	}
}