{
	"Parent": "1.7",
	
	"ID"  : "1.8",
	"Type": "Version",
	"Dev" : false,
	
	"Add": ["ResourcePack"],
	
	"Files": {
		"assets/minecraft/": {			
			"textures/": {
				"blocks/": {
					"sponge_wet.png": ["Texture", "R/T/B/Sponge_Wet.png"],
					"slime.png"     : ["Texture", "R/T/B/Slime.png"],
					
					"stone_andesite.png"       : ["Texture", "R/T/B/Andesite.png"],
					"stone_andesite_smooth.png": ["Texture", "R/T/B/Andesite_Smooth.png"],
					"stone_diorite.png"        : ["Texture", "R/T/B/Diorite.png"],
					"stone_diorite_smooth.png" : ["Texture", "R/T/B/Diorite_Smooth.png"],
					"stone_granite.png"        : ["Texture", "R/T/B/Granite.png"],
					"stone_granite_smooth.png" : ["Texture", "R/T/B/Granite_Smooth.png"],
					
					"door_acacia_upper.png"  : ["Texture", "R/T/B/Door/Acacia.png", [["Crop", 0, 0, 16, 16]]],
					"door_acacia_lower.png"  : ["Texture", "R/T/B/Door/Acacia.png", [["Crop", 0, 16, 16, 16]]],
					"door_birch_upper.png"   : ["Texture", "R/T/B/Door/Birch.png", [["Crop", 0, 0, 16, 16]]],
					"door_birch_lower.png"   : ["Texture", "R/T/B/Door/Birch.png", [["Crop", 0, 16, 16, 16]]],
					"door_dark_oak_upper.png": ["Texture", "R/T/B/Door/Dark.png", [["Crop", 0, 0, 16, 16]]],
					"door_dark_oak_lower.png": ["Texture", "R/T/B/Door/Dark.png", [["Crop", 0, 16, 16, 16]]],
					"door_jungle_upper.png"  : ["Texture", "R/T/B/Door/Jungle.png", [["Crop", 0, 0, 16, 16]]],
					"door_jungle_lower.png"  : ["Texture", "R/T/B/Door/Jungle.png", [["Crop", 0, 16, 16, 16]]],
					"door_spruce_upper.png"  : ["Texture", "R/T/B/Door/Spruce.png", [["Crop", 0, 0, 16, 16]]],
					"door_spruce_lower.png"  : ["Texture", "R/T/B/Door/Spruce.png", [["Crop", 0, 16, 16, 16]]],
					
					"coarse_dirt.png"     : ["Texture", "R/T/B/Dirt_Rocks.png"],
					"dirt_podzol_top.png" : ["Texture", "R/T/B/Podzol.png"],
					"dirt_podzol_side.png": ["Texture", "R/T/B/Podzol_Dirt.png"],
					
					"daylight_detector_inverted_top.png": ["Texture", "R/T/B/Detector_Light_Night.png"],
					
					"iron_trapdoor.png": ["Texture", "R/T/B/Trapdoor/Iron.png"],
					
					"leaves_acacia_opaque.png" : null,
					"leaves_big_oak_opaque.png": null,
					"leaves_birch_opaque.png"  : null,
					"leaves_jungle_opaque.png" : null,
					"leaves_oak_opaque.png"    : null,
					"leaves_spruce_opaque.png" : null,
					
					"prismarine_bricks.png": ["Texture", "R/T/B/Prismarine_Bricks.png"],
					"prismarine_dark.png"  : ["Texture", "R/T/B/Prismarine_Dark.png"],
					"prismarine_rough.png" : ["Texture", "R/T/B/Prismarine.png"],
					"sea_lantern.png"      : ["Animation", ["Texture", "R/T/B/Prismarine_Lamp.png"], "Prismarine"],
					
					"red_sandstone_bottom.png": ["Texture", "R/T/B/Sand_Red_Stone.png"],
					"red_sandstone_carved.png": ["Texture", "R/T/B/Sand_Red_Stone_Chiseled.png"],
					"red_sandstone_normal.png": ["Texture", "R/T/B/Sand_Red_Stone.png"],
					"red_sandstone_smooth.png": ["Texture", "R/T/B/Sand_Red_Stone_Smooth_Side.png"],
					"red_sandstone_top.png"   : ["Texture", "R/T/B/Sand_Red_Stone_Smooth.png"],
				},
				
				"entity/": {
					"steve.png": ["Texture", "R/T/E/Player/0.png"],
					"alex.png" : ["Texture", "R/T/E/Player/1.png"],
					
					"guardian.png"      : ["Texture", "R/T/E/Guardian/Default.png"],
					"guardian_elder.png": ["Texture", "R/T/E/Guardian/Boss.png"],
					"guardian_beam.png" : ["Texture", "R/T/P/Beam_Guardian.png"],
					
					"endermite.png": ["Texture", "R/T/E/Endermite/Default.png"],
					
					"armorstand/wood.png": ["Texture", "R/T/E/Stand/Default.png"],
					
					"rabbit/": {
						"black.png"          : ["Texture", "R/T/E/Rabbit/Black.png"],
						"brown.png"          : ["Texture", "R/T/E/Rabbit/Brown.png"],
						"gold.png"           : ["Texture", "R/T/E/Rabbit/Gold.png"],
						"salt.png"           : ["Texture", "R/T/E/Rabbit/Salt.png"],
						"white.png"          : ["Texture", "R/T/E/Rabbit/White.png"],
						"white_splotched.png": ["Texture", "R/T/E/Rabbit/Splotched.png"],
						"toast.png"          : ["Texture", "R/T/E/Rabbit/Toast.png"],
						"caerbannog.png"     : ["Texture", "R/T/E/Rabbit/Monster.png"],
					},
					
					"banner_base.png": ["Texture", "R/T/E/Banner/Banner.png"],
					"banner/": {
						"base.png"                   : ["Texture", "R/T/E/Banner/Solid.png"],
						"border.png"                 : ["Texture", "R/T/E/Banner/Border.png"],
						"bricks.png"                 : ["Texture", "R/T/E/Banner/Bricks.png"],
						"circle.png"                 : ["Texture", "R/T/E/Banner/Circle.png"],
						"creeper.png"                : ["Texture", "R/T/E/Banner/Creeper.png"],
						"cross.png"                  : ["Texture", "R/T/E/Banner/Cross.png"],
						"curly_border.png"           : ["Texture", "R/T/E/Banner/Curly_Border.png"],
						"diagonal_left.png"          : ["Texture", "R/T/E/Banner/Diagonal_Left.png"],
						"diagonal_right.png"         : ["Texture", "R/T/E/Banner/Diagonal_Right.png"],
						"diagonal_up_left.png"       : ["Texture", "R/T/E/Banner/Diagonal_Up_Left.png"],
						"diagonal_up_right.png"      : ["Texture", "R/T/E/Banner/Diagonal_Up_Right.png"],
						"flower.png"                 : ["Texture", "R/T/E/Banner/Flower.png"],
						"gradient.png"               : ["Texture", "R/T/E/Banner/Gradient.png"],
						"gradient_up.png"            : ["Texture", "R/T/E/Banner/Gradient_Up.png"],
						"half_horizontal.png"        : ["Texture", "R/T/E/Banner/Half_Horizontal.png"],
						"half_horizontal_bottom.png" : ["Texture", "R/T/E/Banner/Half_Horizontal_Bottom.png"],
						"half_vertical.png"          : ["Texture", "R/T/E/Banner/Half_Vertical.png"],
						"half_vertical_right.png"    : ["Texture", "R/T/E/Banner/Half_Vertical_Right.png"],
						"mojang.png"                 : ["Texture", "R/T/E/Banner/Mojang.png"],
						"rhombus.png"                : ["Texture", "R/T/E/Banner/Rhombus.png"],
						"skull.png"                  : ["Texture", "R/T/E/Banner/Skull.png"],
						"small_stripes.png"          : ["Texture", "R/T/E/Banner/Small_Stripes.png"],
						"square_bottom_left.png"     : ["Texture", "R/T/E/Banner/Square_Bottom_Left.png"],
						"square_bottom_right.png"    : ["Texture", "R/T/E/Banner/Square_Bottom_Right.png"],
						"square_top_left.png"        : ["Texture", "R/T/E/Banner/Square_Top_Left.png"],
						"square_top_right.png"       : ["Texture", "R/T/E/Banner/Square_Top_Right.png"],
						"straight_cross.png"         : ["Texture", "R/T/E/Banner/Straight_Cross.png"],
						"stripe_bottom.png"          : ["Texture", "R/T/E/Banner/Stripe_Bottom.png"],
						"stripe_center.png"          : ["Texture", "R/T/E/Banner/Stripe_Center.png"],
						"stripe_downleft.png"        : ["Texture", "R/T/E/Banner/Stripe_Downleft.png"],
						"stripe_downright.png"       : ["Texture", "R/T/E/Banner/Stripe_Downright.png"],
						"stripe_left.png"            : ["Texture", "R/T/E/Banner/Stripe_Left.png"],
						"stripe_middle.png"          : ["Texture", "R/T/E/Banner/Stripe_Middle.png"],
						"stripe_right.png"           : ["Texture", "R/T/E/Banner/Stripe_Right.png"],
						"stripe_top.png"             : ["Texture", "R/T/E/Banner/Stripe_Top.png"],
						"triangle_bottom.png"        : ["Texture", "R/T/E/Banner/Triangle_Bottom.png"],
						"triangle_top.png"           : ["Texture", "R/T/E/Banner/Triangle_Top.png"],
						"triangles_bottom.png"       : ["Texture", "R/T/E/Banner/Triangles_Bottom.png"],
						"triangles_top.png"          : ["Texture", "R/T/E/Banner/Triangles_Top.png"],
					}
				},
				
				"gui/": {
					"widgets.png": ["Atlas", {
						"0": {
							"146": ["Texture", "R/T/U/Difficulty.png"],
							"166": ["Texture", "R/T/U/Difficulty_Hover.png"],
							"186": ["Texture", "R/T/U/Difficulty_Disabled.png"]
						},
						"20": {
							"146": ["Texture", "R/T/U/Difficulty_Open.png"],
							"166": ["Texture", "R/T/U/Difficulty_Open_Hover.png"],
							"186": ["Texture", "R/T/U/Difficulty_Open_Disabled.png"]
						}
					}],
					
					"server_selection.png": "assets/minecraft/textures/gui/resource_packs.png",
					
					"spectator_widgets.png": ["Texture", "R/T/U/Spectator.png"],
					
					"presets/": {
						"chaos.png"  : ["Texture", "R/T/O/Screenshots/Chaos.png"],
						"delight.png": ["Texture", "R/T/O/Screenshots/Delight.png"],
						"drought.png": ["Texture", "R/T/O/Screenshots/Drought.png"],
						"isles.png"  : ["Texture", "R/T/O/Screenshots/Isles.png"],
						"luck.png"   : ["Texture", "R/T/O/Screenshots/Luck.png"],
						"madness.png": ["Texture", "R/T/O/Screenshots/Madness.png"],
						"water.png"  : ["Texture", "R/T/O/Screenshots/Water.png"],
					},
					
					"title/minecraft.png": ["Texture", "R/T/U/Logo.file"]
				},
				
				"items/": {
					"skull_creeper.png" : null,
					"skull_skeleton.png": null,
					"skull_steve.png"   : null,
					"skull_wither.png"  : null,
					"skull_zombie.png"  : null,
					
					"barrier.png": ["Texture", "R/T/B/Creative_Barrier.png"],
					
					"door_acacia.png"  : ["Texture", "R/T/I/Door/Acacia.png"],
					"door_birch.png"   : ["Texture", "R/T/I/Door/Birch.png"],
					"door_dark_oak.png": ["Texture", "R/T/I/Door/Dark.png"],
					"door_jungle.png"  : ["Texture", "R/T/I/Door/Jungle.png"],
					"door_spruce.png"  : ["Texture", "R/T/I/Door/Spruce.png"],
					
					"rabbit_raw.png"   : ["Texture", "R/T/I/Meat_Rabbit.png"],
					"rabbit_cooked.png": ["Texture", "R/T/I/Meat_Rabbit_Cooked.png"],
					"rabbit_hide.png"  : ["Texture", "R/T/I/Leather_Rabbit.png"],
					"rabbit_foot.png"  : ["Texture", "R/T/I/Foot.png"],
					"rabbit_stew.png"  : ["Texture", "R/T/I/Bowl_Rabbit.png"],
					
					"prismarine_shard.png"   : ["Texture", "R/T/I/Prismarine.png"],
					"prismarine_crystals.png": ["Animation", ["Texture", "R/T/I/Prismarine_Crystal.png"], "Prismarine"],
					
					"mutton_raw.png"   : ["Texture", "R/T/I/Meat_Sheep.png"],
					"mutton_cooked.png": ["Texture", "R/T/I/Meat_Sheep_Cooked.png"],
					
					"wooden_armorstand.png": ["Texture", "R/T/I/Stand.png"],
				},
				
				"misc/": {
					"forcefield.png": ["Texture", "R/T/O/Field.png"],
					
					"unknown_server.png": "assets/minecraft/textures/misc/unknown_pack.png"
				}
			}
		}
	}
}