{
	"Parent": "1.8",
	
	"ID"  : "1.9",
	"Type": "Version",
	//"Dev" : false,
	
	"PackFormat": 2,
	
	"Desc": "Какое-то описание!!! <[License]>",
	
	"Add": ["ResourcePack"],
	
	"Files": {
		"assets/minecraft/": {
			"blockstates/": {
				"farmland.json": ["Variable", ["File", "R/S/B/Farmland.json"], [
					"farmland_dry",
					"bloodraw/farmland_1",
					"bloodraw/farmland_2",
					"bloodraw/farmland_3",
					"bloodraw/farmland_4",
					"bloodraw/farmland_5",
					"bloodraw/farmland_6",
					"farmland_moist",
				]]
			},
			
			"models/": {
				"block/": {
					"lit_redstone_ore.json": ["Variable", ["File", "R/M/B/Cube_All.json"], ["minecraft:blocks/bloodraw/redstone_ore_lit"]],
					
					"pumpkin.json"    : ["Variable", ["File", "R/M/B/Cube_Column_Double_Front.json"], [
						"minecraft:blocks/pumpkin_side",
						"minecraft:blocks/pumpkin_top",
						"minecraft:blocks/bloodraw/pumpkin_bottom",
						"minecraft:blocks/pumpkin_face_off"
					]],
					"lit_pumpkin.json": ["Variable", ["File", "R/M/B/Cube_Column_Double_Front.json"], [
						"minecraft:blocks/bloodraw/pumpkin_side_on",
						"minecraft:blocks/pumpkin_top",
						"minecraft:blocks/bloodraw/pumpkin_bottom",
						"minecraft:blocks/pumpkin_face_on"
					]],
				
					"melon.json": ["Variable", ["File", "R/M/B/Cube_Column_Double.json"], [
						"minecraft:blocks/melon_side",
						"minecraft:blocks/melon_top",
						"minecraft:blocks/bloodraw/melon_bottom"
					]],
					
					"bookshelf.json": ["Variable", ["File", "R/M/B/Cube_Column.json"], ["minecraft:blocks/bookshelf", "minecraft:blocks/bloodraw/bookshelf_top"]],
					
					"crafting_table.json": ["Variable", ["File", "R/M/B/Cube.json"], [
						"minecraft:blocks/crafting_table_front",
						"minecraft:blocks/crafting_table_side",
						"minecraft:blocks/crafting_table_front",
						"minecraft:blocks/crafting_table_side",
						"minecraft:blocks/crafting_table_top",
						"minecraft:blocks/bloodraw/crafting_table_bottom",
					]],
					
					"pressure_plate_up.json"  : ["File", "R/M/B/New/Pressure_Plate.json"],
					"pressure_plate_down.json": ["File", "R/M/B/New/Pressure_Plate_Pressed.json"],
					
					"button.json"          : ["File", "R/M/B/New/Button.json"],
					"button_inventory.json": "assets/minecraft/models/block/button.json",
					"button_pressed.json"  : ["File", "R/M/B/New/Button_Pressed.json"],
					
					"farmland.json": ["File", "R/M/B/New/Farmland.json"],
					
					"bloodraw/farmland_1.json": ["Variable", ["File", "R/M/B/Farmland.json"], [
						"minecraft:blocks/dirt",
						"minecraft:blocks/bloodraw/farmland_side_1",
						"minecraft:blocks/bloodraw/farmland_1"
					]],
					"bloodraw/farmland_2.json": ["Variable", ["File", "R/M/B/Farmland.json"], [
						"minecraft:blocks/dirt",
						"minecraft:blocks/bloodraw/farmland_side_2",
						"minecraft:blocks/bloodraw/farmland_2"
					]],
					"bloodraw/farmland_3.json": ["Variable", ["File", "R/M/B/Farmland.json"], [
						"minecraft:blocks/dirt",
						"minecraft:blocks/bloodraw/farmland_side_3",
						"minecraft:blocks/bloodraw/farmland_3"
					]],
					"bloodraw/farmland_4.json": ["Variable", ["File", "R/M/B/Farmland.json"], [
						"minecraft:blocks/dirt",
						"minecraft:blocks/bloodraw/farmland_side_4",
						"minecraft:blocks/bloodraw/farmland_4"
					]],
					"bloodraw/farmland_5.json": ["Variable", ["File", "R/M/B/Farmland.json"], [
						"minecraft:blocks/dirt",
						"minecraft:blocks/bloodraw/farmland_side_5",
						"minecraft:blocks/bloodraw/farmland_5"
					]],
					"bloodraw/farmland_6.json": ["Variable", ["File", "R/M/B/Farmland.json"], [
						"minecraft:blocks/dirt",
						"minecraft:blocks/bloodraw/farmland_side_6",
						"minecraft:blocks/bloodraw/farmland_6"
					]],
					
					"farmland_moist.json": ["Variable", ["File", "R/M/B/Farmland.json"], [
						"minecraft:blocks/dirt",
						"minecraft:blocks/bloodraw/farmland_side_7",
						"minecraft:blocks/farmland_wet"
					]],
					
					"slime.json": ["Variable", ["File", "R/M/B/Cube_All.json"], ["minecraft:blocks/slime"]]
				},
				
				"item/": {
					"cake.json": ["Variable", ["File", "R/M/I/Cake.json"], ["minecraft:block/cake_uneaten"]],
					
					"cauldron.json": ["Variable", ["File", "R/M/I/Block.json"], ["minecraft:block/cauldron_empty"]],
					"hopper.json"  : ["Variable", ["File", "R/M/I/Block.json"], ["minecraft:block/hopper_down"]],
					
					"brewing_stand.json": ["Variable", ["File", "R/M/I/Brewing.json"], ["minecraft:block/brewing_stand"]],
					
					"repeater.json"  : ["Variable", ["File", "R/M/I/Repeater.json"], ["minecraft:block/repeater_1tick"]],
					"comparator.json": ["Variable", ["File", "R/M/I/Repeater.json"], ["minecraft:block/comparator_unlit"]],
					
					"flower_pot.json": ["Variable", ["File", "R/M/I/Pot.json"], ["minecraft:block/flower_pot"]],
					
					"oak_sapling.json"     : ["Variable", ["File", "R/M/I/Item.json"], ["minecraft:items/bloodraw/sapling_oak"]],
					"spruce_sapling.json"  : ["Variable", ["File", "R/M/I/Item.json"], ["minecraft:items/bloodraw/sapling_spruce"]],
					"birch_sapling.json"   : ["Variable", ["File", "R/M/I/Item.json"], ["minecraft:items/bloodraw/sapling_birch"]],
					"jungle_sapling.json"  : ["Variable", ["File", "R/M/I/Item.json"], ["minecraft:items/bloodraw/sapling_jungle"]],
					"acacia_sapling.json"  : ["Variable", ["File", "R/M/I/Item.json"], ["minecraft:items/bloodraw/sapling_acacia"]],
					"dark_oak_sapling.json": ["Variable", ["File", "R/M/I/Item.json"], ["minecraft:items/bloodraw/sapling_dark_oak"]],
				}
			},
			
			"textures/": {
				"particle/particles.png": ["Atlas", {
					"0": {
						"11": ["Texture", "R/T/P/End.png"]
					},
					"3": {
						"4": ["Texture", "R/T/P/Damage.png"]
					}
				}],
				
				"entity/": {
					"boat.png": null,
					"boat/": {
						"boat_acacia.png" : ["Texture", "R/T/E/Boat/Acacia.file"],
						"boat_birch.png"  : ["Texture", "R/T/E/Boat/Birch.file"],
						"boat_darkoak.png": ["Texture", "R/T/E/Boat/Dark.file"],
						"boat_jungle.png" : ["Texture", "R/T/E/Boat/Jungle.file"],
						"boat_oak.png"    : ["Texture", "R/T/E/Boat/Oak.file"],
						"boat_spruce.png" : ["Texture", "R/T/E/Boat/Spruce.file"],
					},
					
					"elytra.png"               : ["Texture", "R/T/E/Player/Armor/Elytra.png"],
					"end_gateway_beam.png"     : ["Texture", "R/T/P/Beam_Gateway.png"],
					"shield_base_nopattern.png": ["Texture", "R/T/E/Shield/Shield_Empty.png"],
					"shield_base.png"          : ["Texture", "R/T/E/Shield/Shield.png"],
					
					"enderdragon/dragon_fireball.png": ["Texture", "R/T/I/Fire_Dragon.png"],
					
					"projectiles/": {
						"arrow.png"         : ["Texture", "R/T/E/Arrow/Default.png"],
						"spectral_arrow.png": ["Texture", "R/T/E/Arrow/Spectral.png"],
						"tipped_arrow.png"  : ["Texture", "R/T/E/Arrow/Effect.png"],
					},
					
					"shield/": {
						"base.png"                   : ["Texture", "R/T/E/Shield/Solid.png"],
						"border.png"                 : ["Texture", "R/T/E/Shield/Border.png"],
						"bricks.png"                 : ["Texture", "R/T/E/Shield/Bricks.png"],
						"circle.png"                 : ["Texture", "R/T/E/Shield/Circle.png"],
						"creeper.png"                : ["Texture", "R/T/E/Shield/Creeper.png"],
						"cross.png"                  : ["Texture", "R/T/E/Shield/Cross.png"],
						"curly_border.png"           : ["Texture", "R/T/E/Shield/Curly_Border.png"],
						"diagonal_left.png"          : ["Texture", "R/T/E/Shield/Diagonal_Left.png"],
						"diagonal_right.png"         : ["Texture", "R/T/E/Shield/Diagonal_Right.png"],
						"diagonal_up_left.png"       : ["Texture", "R/T/E/Shield/Diagonal_Up_Left.png"],
						"diagonal_up_right.png"      : ["Texture", "R/T/E/Shield/Diagonal_Up_Right.png"],
						"flower.png"                 : ["Texture", "R/T/E/Shield/Flower.png"],
						"gradient.png"               : ["Texture", "R/T/E/Shield/Gradient.png"],
						"gradient_up.png"            : ["Texture", "R/T/E/Shield/Gradient_Up.png"],
						"half_horizontal.png"        : ["Texture", "R/T/E/Shield/Half_Horizontal.png"],
						"half_horizontal_bottom.png" : ["Texture", "R/T/E/Shield/Half_Horizontal_Bottom.png"],
						"half_vertical.png"          : ["Texture", "R/T/E/Shield/Half_Vertical.png"],
						"half_vertical_right.png"    : ["Texture", "R/T/E/Shield/Half_Vertical_Right.png"],
						"mojang.png"                 : ["Texture", "R/T/E/Shield/Mojang.png"],
						"rhombus.png"                : ["Texture", "R/T/E/Shield/Rhombus.png"],
						"skull.png"                  : ["Texture", "R/T/E/Shield/Skull.png"],
						"small_stripes.png"          : ["Texture", "R/T/E/Shield/Small_Stripes.png"],
						"square_bottom_left.png"     : ["Texture", "R/T/E/Shield/Square_Bottom_Left.png"],
						"square_bottom_right.png"    : ["Texture", "R/T/E/Shield/Square_Bottom_Right.png"],
						"square_top_left.png"        : ["Texture", "R/T/E/Shield/Square_Top_Left.png"],
						"square_top_right.png"       : ["Texture", "R/T/E/Shield/Square_Top_Right.png"],
						"straight_cross.png"         : ["Texture", "R/T/E/Shield/Straight_Cross.png"],
						"stripe_bottom.png"          : ["Texture", "R/T/E/Shield/Stripe_Bottom.png"],
						"stripe_center.png"          : ["Texture", "R/T/E/Shield/Stripe_Center.png"],
						"stripe_downleft.png"        : ["Texture", "R/T/E/Shield/Stripe_Downleft.png"],
						"stripe_downright.png"       : ["Texture", "R/T/E/Shield/Stripe_Downright.png"],
						"stripe_left.png"            : ["Texture", "R/T/E/Shield/Stripe_Left.png"],
						"stripe_middle.png"          : ["Texture", "R/T/E/Shield/Stripe_Middle.png"],
						"stripe_right.png"           : ["Texture", "R/T/E/Shield/Stripe_Right.png"],
						"stripe_top.png"             : ["Texture", "R/T/E/Shield/Stripe_Top.png"],
						"triangle_bottom.png"        : ["Texture", "R/T/E/Shield/Triangle_Bottom.png"],
						"triangle_top.png"           : ["Texture", "R/T/E/Shield/Triangle_Top.png"],
						"triangles_bottom.png"       : ["Texture", "R/T/E/Shield/Triangles_Bottom.png"],
						"triangles_top.png"          : ["Texture", "R/T/E/Shield/Triangles_Top.png"],
					},
					
					"shulker/": {
						"endergolem.png": ["Texture", "R/T/E/Shulker/Default.png"],
						"spark.png"     : ["Texture", "R/T/E/Shulker/Spark.png"]
					},
					
					"zombie_villager/": {
						"zombie_butcher.png"  : ["Texture", "R/T/E/Villager/Old/Butcher_Zombie.png"],
						"zombie_farmer.png"   : ["Texture", "R/T/E/Villager/Old/Farmer_Zombie.png"],
						"zombie_librarian.png": ["Texture", "R/T/E/Villager/Old/Librarian_Zombie.png"],
						"zombie_priest.png"   : ["Texture", "R/T/E/Villager/Old/Priest_Zombie.png"],
						"zombie_smith.png"    : ["Texture", "R/T/E/Villager/Old/Smith_Zombie.png"],
						"zombie_villager.png" : ["Texture", "R/T/E/Villager/Old/Zombie.png"],
					}
				},
				
				"gui/": {
					"world_selection.png": ["Texture", "R/T/U/Selector_World.png"],
					
					"widgets.png": ["Atlas", {
						"24": {
							"22": ["Texture", "R/T/U/Slot_Arm.png"]
						},
						"53": {
							"22": ["Texture", "R/T/U/Slot_Arm.png", [["Flip", true]]]
						}
					}],
					
					"icons.png": ["Atlas", {
						"0": {
							"94": ["Texture", "R/T/U/Indicator_Empty.png"]
						},
						"18": {
							"94": ["Texture", "R/T/U/Indicator.png"]
						},
						"36": {
							"94": ["Texture", "R/T/U/Indicator_Center_Empty.png"]
						},
						"52": {
							"94": ["Texture", "R/T/U/Indicator_Center.png"]
						}
					}],
					
					"bars.png": ["Texture", "R/T/U/Bar/Default.png"],
					
					"container/": {
						"inventory.png": ["Atlas", {
							"0": {
								"0"  : ["Texture", "R/T/U/Inventory.file"]
							},
							
							"54": {
								"234": ["Texture", "R/T/U/Effect/Levitation.png"]
							},
							"72": {
								"234": ["Texture", "R/T/U/Effect/Glowing.png"]
							},
							"90": {
								"234": ["Texture", "R/T/U/Effect/Luck+.png"]
							},
							"108": {
								"234": ["Texture", "R/T/U/Effect/Luck-.png"]
							},
							"126": {
								"234": ["Texture", "R/T/U/Effect/Boost.png"]
							},
							
							"141": {
								"166"  : ["Texture", "R/T/U/Inventory_Effect_Tiny.png"]
							},
							"165": {
								"166"  : ["Texture", "R/T/U/Inventory_Effect_Tiny_Beacon.png"]
							}
						}],
						
						"creative_inventory/tab_inventory.png": ["Texture", "R/T/U/Creative_Inventory.file"]
					}
				},
				
				"items/": {
					"quiver.png": null,
					
					"boat.png"         : null,
					"acacia_boat.png"  : ["Texture", "R/T/I/Boat/Acacia.file"],
					"birch_boat.png"   : ["Texture", "R/T/I/Boat/Birch.file"],
					"dark_oak_boat.png": ["Texture", "R/T/I/Boat/Dark.file"],
					"jungle_boat.png"  : ["Texture", "R/T/I/Boat/Jungle.file"],
					"oak_boat.png"     : ["Texture", "R/T/I/Boat/Oak.file"],
					"spruce_boat.png"  : ["Texture", "R/T/I/Boat/Spruce.file"],
					
					"chorus_fruit.png"       : ["Texture", "R/T/I/Chorus_Fruit.png"],
					"chorus_fruit_popped.png": ["Texture", "R/T/I/Chorus.png"],
					
					"end_crystal.png": ["Texture", "R/T/I/Crystal_End.png"],
					
					"empty_armor_slot_shield.png": ["Texture", "R/T/U/Slot/Require/Arm.png"],
					
					"spectral_arrow.png"   : ["Animation", ["Texture", "R/T/I/Arrow/Spectral.png"], "Glowstone"],
					"tipped_arrow_base.png": ["Texture", "R/T/I/Arrow/Effect.png"],
					"tipped_arrow_head.png": ["Texture", "R/T/I/Arrow/Effect_Overlay.png"],
					
					"beetroot.png"      : ["Texture", "R/T/I/Beetroot.png"],
					"beetroot_seeds.png": ["Texture", "R/T/I/Seeds_Beetroot.png"],
					"beetroot_soup.png" : ["Texture", "R/T/I/Bowl_Beetroot.png"],
					
					"dragon_breath.png": ["Animation", ["Texture", "R/T/I/Breath.png"], {"Speed": 6}],
					
					"broken_elytra.png": ["Animation", ["Texture", "R/T/I/Elytra_Broken.png"], "End"],
					"elytra.png"       : ["Animation", ["Texture", "R/T/I/Elytra.png"], "End"],
					
					"potion_bottle_lingering.png": ["Animation", ["Texture", "R/T/I/Potion/Lingering.png"], {"Speed": 6}],
					
					"clock.png"  : null,
					"compass.png": null,
					
					"clock_"  : ["Texture", "R/T/I/Clock/Default_Spliced.file"],
					"compass_": ["Texture", "R/T/I/Compass/Default_Spliced.file"],
					
					"bloodraw/": {
						"sapling_oak.png"     : ["Texture", "R/T/I/Sapling/Oak.png"],
						"sapling_spruce.png"  : ["Texture", "R/T/I/Sapling/Spruce.png"],
						"sapling_birch.png"   : ["Texture", "R/T/I/Sapling/Birch.png"],
						"sapling_jungle.png"  : ["Texture", "R/T/I/Sapling/Jungle.png"],
						"sapling_acacia.png"  : ["Texture", "R/T/I/Sapling/Acacia.png"],
						"sapling_dark_oak.png": ["Texture", "R/T/I/Sapling/Dark.png"],
					}
				},
				
				"blocks/": {
					"beetroots_stage_0.png": ["Texture", "R/T/B/Beetroot_0.png"],
					"beetroots_stage_1.png": ["Texture", "R/T/B/Beetroot_1.png"],
					"beetroots_stage_2.png": ["Texture", "R/T/B/Beetroot_2.png"],
					"beetroots_stage_3.png": ["Texture", "R/T/B/Beetroot_3.png"],
					
					"grass_path_side.png": ["Texture", "R/T/B/Path_Dirt.png"],
					"grass_path_top.png" : ["Texture", "R/T/B/Path.png"],
					
					"frosted_ice_0.png": ["Texture", "R/T/B/Ice_Frost_0.png"],
					"frosted_ice_1.png": ["Texture", "R/T/B/Ice_Frost_1.png"],
					"frosted_ice_2.png": ["Texture", "R/T/B/Ice_Frost_2.png"],
					"frosted_ice_3.png": ["Texture", "R/T/B/Ice_Frost_3.png"],
					
					"purpur_block.png"     : ["Texture", "R/T/B/Purpur.png"],
					"purpur_pillar.png"    : ["Texture", "R/T/B/Purpur_Pillar.png"],
					"purpur_pillar_top.png": ["Texture", "R/T/B/Purpur_Pillar_Top.png"],
					
					"end_bricks.png": ["Texture", "R/T/B/End_Bricks.png"],
					"end_rod.png"   : ["Animation", ["Texture", "R/T/B/Rod.png"], "End"],
					
					"redstone_dust_cross.png"        : null,
					"redstone_dust_cross_overlay.png": null,
					"redstone_dust_line.png"         : null,
					"redstone_dust_line_overlay.png" : null,
					
					"redstone_dust_dot.png"    : ["Texture", "R/T/B/Redstone_Dust.png"],
					"redstone_dust_line0.png"  : ["Texture", "R/T/B/Redstone_Dust_Line.png"],
					"redstone_dust_line1.png"  : ["Texture", "R/T/B/Redstone_Dust_Line.png"],
					"redstone_dust_overlay.png": ["Texture", "R/T/B/Redstone_Dust_Overlay.png"],
					
					"structure_block.png"       : ["Texture", "R/T/B/Creative_Structure.png"],
					"structure_block_corner.png": ["Texture", "R/T/B/Creative_Structure_Corner.png"],
					"structure_block_data.png"  : ["Texture", "R/T/B/Creative_Structure_Data.png"],
					"structure_block_load.png"  : ["Texture", "R/T/B/Creative_Structure_Load.png"],
					"structure_block_save.png"  : ["Texture", "R/T/B/Creative_Structure_Save.png"],
					
					"chorus_flower.png"     : [],
					"chorus_flower_dead.png": [],
					"chorus_plant.png"      : [],
					
					"water_overlay.png": "assets/minecraft/textures/blocks/water_still.png",
					
					"bloodraw/": {
						"redstone_ore_lit.png": ["Animation", ["Texture", "R/T/B/Redstone_Ore_On.png"], "Redstone"],
					
						"pumpkin_bottom.png" : ["Texture", "R/T/B/Pumpkin_Bottom.png"],
						"pumpkin_side_on.png": ["Animation", ["Texture", "R/T/B/Pumpkin_On.png"], "Pumpkin"],
						
						"melon_bottom.png" : ["Texture", "R/T/B/Watermelon_Bottom.png"],
						
						"bookshelf_top.png"        : ["Texture", "R/T/B/Bookshelf_Top.png"],
						"crafting_table_bottom.png": "assets/minecraft/textures/blocks/bloodraw/bookshelf_top.png",
						
						"farmland_1.png": ["Texture", "R/T/B/Farmland/1.file"],
						"farmland_2.png": ["Texture", "R/T/B/Farmland/2.file"],
						"farmland_3.png": ["Texture", "R/T/B/Farmland/3.file"],
						"farmland_4.png": ["Texture", "R/T/B/Farmland/4.file"],
						"farmland_5.png": ["Texture", "R/T/B/Farmland/5.file"],
						"farmland_6.png": ["Texture", "R/T/B/Farmland/6.file"],
						
						"farmland_side_1.png": ["Texture", "R/T/B/Farmland/Side_1.file"],
						"farmland_side_2.png": ["Texture", "R/T/B/Farmland/Side_2.file"],
						"farmland_side_3.png": ["Texture", "R/T/B/Farmland/Side_3.file"],
						"farmland_side_4.png": ["Texture", "R/T/B/Farmland/Side_4.file"],
						"farmland_side_5.png": ["Texture", "R/T/B/Farmland/Side_5.file"],
						"farmland_side_6.png": ["Texture", "R/T/B/Farmland/Side_6.file"],
						"farmland_side_7.png": ["Texture", "R/T/B/Farmland/Side_7.png"]
					}
				}
			}
		}
	}
}