{
	"Parent": "1.9",
	
	"ID"  : "1.10",
	"Type": "Version",
	//"Dev" : false,
	
	"Add": ["ResourcePack"],
	
	"Files": {
		"assets/minecraft/": {			
			"textures/": {
				"items/": {
					"structure_void.png": ["Texture", "R/T/B/Creative_Void.png"]
				},
				
				"entity/": {
					"zombie/husk.png": ["Texture", "R/T/E/Zombie/Husk.png"],
					
					"skeleton/": {
						"stray.png"        : ["Texture", "R/T/E/Skeleton/Stray.png", [["Crop", 0, 0 , 64, 32]]],
						"stray_overlay.png": ["Texture", "R/T/E/Skeleton/Stray.png", [["Crop", 0, 32, 64, 32]]],
					},
					
					"bear/polarbear.png": ["Texture", "R/T/E/Bear/Polar.png"]
				},
				
				"blocks/": {
					"bone_block_side.png": [],
					"bone_block_top.png" : [],
					
					"nether_wart_block.png": [],
					"red_nether_brick.png" : [],
					
					"magma.png" : ["Animation", ["Texture", "R/T/B/Magma.png"], "Lava"],
				}
			}
		}
	}
}