{
	"Parent": "1.9",
	
	"ID"  : "1.10",
	"Type": "Version",
	//"Dev" : false,
	
	"Add": ["ResourcePack"],
	
	"Files": {
		"assets/minecraft/": {			
			"textures/": {
				"items/": {
					"structure_void.png": ["Texture", "R/T/B/Creative_Void.png"]
				},
				
				"entity/": {
					"zombie/husk.png": ["Texture", "R/T/E/Zombie_Husk.png"],
					
					"skeleton/": {
						"stray.png"        : ["Texture", "R/T/E/Skeleton_Stray.png", [["Crop", 0, 0 , 64, 32]]],
						"stray_overlay.png": ["Texture", "R/T/E/Skeleton_Stray.png", [["Crop", 0, 32, 64, 32]]],
					},
					
					"bear/polarbear.png": ["Texture", "R/T/E/Bear_Polar.png"]
				},
				
				"blocks/": {
					"bone_block_side.png": [],
					"bone_block_top.png" : [],
					
					"nether_wart_block.png": [],
					"red_nether_brick.png" : [],
					
					"magma.png" : ["Animation", ["Texture", "R/T/B/Magma.png"], {"Smooth": true, "Speed": 5, "Frames": [ 0,0,0,0,1,1,1,2,2,2,2,2,3,3,3,3,4,4,4,4,5,5,5,5,5,6,6,6,7,7,7,7,8,8,8,9,9,9,9,9,9,10,10,10,10,10,11,11,11,11,12,12,12,13,13,13,13,13,14,14,14,14,15,15,15,16,16,16,16,17,17,17,17,18,18,18,18,18,17,17,17,16,16,16,15,15,15,16,16,16,16,17,17,17,18,18,17,17,17,17,16,16,16,16,16,16,15,15,15,14,14,14,14,13,13,13,13,12,12,12,12,12,12,11,11,11,11,10,10,10,10,11,11,11,12,12,12,12,13,13,13,13,12,12,12,12,11,11,11,11,10,10,10,10,10,9,9,9,9,8,8,8,8,7,7,7,8,8,8,7,7,7,7,7,6,6,6,6,6,6,5,5,5,5,4,4,4,4,3,3,3,3,2,2,2,3,3,3,3,3,4,4,4,4,5,5,5,5,6,6,6,6,7,7,7,7,6,6,6,6,6,5,5,5,5,4,4,4,4,3,3,3,3,2,2,2,2,1,1,1,0,0,0,0,1,1,1,2,2,2,2,3,3,3,4,4,4,3,3,3,2,2,2,1,1,1,1 ]}],
				}
			}
		}
	}
}