{
	"Parent": "1.12",
	
	"ID"  : "1.13",
	"Type": "Version",
	//"Dev" : false,
	
	"Add": ["ResourcePack"],
	
	"PackFormat": 4,
	
	"Files": {
		"assets/minecraft/": {		
			"textures/": {
				"particle/particles.png": ["Atlas", {
					"Size": [32, 32] // додел
				}],
				
				"models/armor/turtle_layer_1.png": ["Texture", "R/T/E/Player/Armor/Turtle.png"],
				
				"map/map_icons.png": [],
				
				"gui/": {
					"recipe_button.png": ["Atlas", {
						"Size": [256, 256],
						
						"0": {
							"0" : ["Texture", "R/T/U/Recipe_Book_Button.png"],
							"19": ["Texture", "R/T/U/Recipe_Book_Button_Hover.png"]
						}
					}],
					
					"title/background/panorama_overlay.png": ["Texture", "R/T/O/Panorama_Menu_Overlay.png"],
					
					"container/": {
						"inventory.png": ["Atlas", {
							// эффекты
						}]
					}
				},
				
				"font/": {
					// новый шрифт, старый удалить
				},
				
				"entity/": {
					"trident.png"        : [],
					"trident_riptide.png": [],
					
					"phantom.png"     : [],
					"phantom_eyes.png": [],
					
					"conduit/": {
						"base.png"          : [],
						"break_particle.png": [],
						"cage.png"          : [],
						"closed_eye.png"    : [],
						"open_eye.png"      : [],
						"wind.png"          : [],
						"wind_vertical.png" : [],
					},
					
					"fish/": {
						
					},
					
					"horse/": {
						// модельку поменяли
					},
					
					"llama/": {
						"llama.png": null,
						
						"brown.png" : ["Rename", "llama_brown.png"],
						"creamy.png": ["Rename", "llama_creamy.png"],
						"gray.png"  : ["Rename", "llama_gray.png"],
						"white.png" : ["Rename", "llama_white.png"],
						
						"decor/": {
							"black.png"     : ["Rename", "decor_black.png"],
							"blue.png"      : ["Rename", "decor_blue.png"],
							"brown.png"     : ["Rename", "decor_brown.png"],
							"cyan.png"      : ["Rename", "decor_cyan.png"],
							"gray.png"      : ["Rename", "decor_gray.png"],
							"green.png"     : ["Rename", "decor_green.png"],
							"light_blue.png": ["Rename", "decor_light_blue.png"],
							"lime.png"      : ["Rename", "decor_lime.png"],
							"magenta.png"   : ["Rename", "decor_magenta.png"],
							"orange.png"    : ["Rename", "decor_orange.png"],
							"pink.png"      : ["Rename", "decor_pink.png"],
							"purple.png"    : ["Rename", "decor_purple.png"],
							"red.png"       : ["Rename", "decor_red.png"],
							"light_gray.png": ["Rename", "decor_silver.png"],
							"white.png"     : ["Rename", "decor_white.png"],
							"yellow.png"    : ["Rename", "decor_yellow.png"],
						}
					},
					
					"shulker/": {
						"shulker.png": ["Rename", "shulker_purple.png"],
						
						"shulker_purple.png": ["Texture", "R/T/E/Shulker/Purple.png"]
					},
					
					"turtle/big_sea_turtle.png": [],
					
					"zombie/": {
						"drowned.png"            : [],
						"drowned_outer_layer.png": [],
					}
				},
				
				"block/": ["Actions", "assets/minecraft/textures/blocks/", {
					"acacia_door_bottom.png": ["Rename", "door_acacia_lower.png"],
					"acacia_door_top.png"   : ["Rename", "door_acacia_upper.png"],
					"acacia_leaves.png"     : ["Rename", "leaves_acacia.png"],
					"acacia_log.png"        : ["Rename", "log_acacia.png"],
					"acacia_log_top.png"    : ["Rename", "log_acacia_top.png"],
					"acacia_planks.png"     : ["Rename", "planks_acacia.png"],
					"acacia_sapling.png"    : ["Rename", "sapling_acacia.png"],
					"acacia_trapdoor.png"   : [],
					
					"birch_door_bottom.png": ["Rename", "door_birch_lower.png"],
					"birch_door_top.png"   : ["Rename", "door_birch_upper.png"],
					"birch_leaves.png"     : ["Rename", "leaves_birch.png"],
					"birch_log.png"        : ["Rename", "log_birch.png"],
					"birch_log_top.png"    : ["Rename", "log_birch_top.png"],
					"birch_planks.png"     : ["Rename", "planks_birch.png"],
					"birch_sapling.png"    : ["Rename", "sapling_birch.png"],
					"birch_trapdoor.png"   : [],
					
					"dark_oak_door_bottom.png": ["Rename", "door_dark_oak_lower.png"],
					"dark_oak_door_top.png"   : ["Rename", "door_dark_oak_upper.png"],
					"dark_oak_leaves.png"     : ["Rename", "leaves_big_oak.png"],
					"dark_oak_log.png"        : ["Rename", "log_big_oak.png"],
					"dark_oak_log_top.png"    : ["Rename", "log_big_oak_top.png"],
					"dark_oak_planks.png"     : ["Rename", "planks_big_oak.png"],
					"dark_oak_sapling.png"    : ["Rename", "sapling_roofed_oak.png"],
					"dark_oak_trapdoor.png"   : [],
					
					"jungle_door_bottom.png": ["Rename", "door_jungle_lower.png"],
					"jungle_door_top.png"   : ["Rename", "door_jungle_upper.png"],
					"jungle_leaves.png"     : ["Rename", "leaves_jungle.png"],
					"jungle_log.png"        : ["Rename", "log_jungle.png"],
					"jungle_log_top.png"    : ["Rename", "log_jungle_top.png"],
					"jungle_planks.png"     : ["Rename", "planks_jungle.png"],
					"jungle_sapling.png"    : ["Rename", "sapling_jungle.png"],
					"jungle_trapdoor.png"   : [],
					
					"oak_door_bottom.png": ["Rename", "door_wood_lower.png"],
					"oak_door_top.png"   : ["Rename", "door_wood_upper.png"],
					"oak_leaves.png"     : ["Rename", "leaves_oak.png"],
					"oak_log.png"        : ["Rename", "log_oak.png"],
					"oak_log_top.png"    : ["Rename", "log_oak_top.png"],
					"oak_planks.png"     : ["Rename", "planks_oak.png"],
					"oak_sapling.png"    : ["Rename", "sapling_oak.png"],
					"oak_trapdoor.png"   : [],
					
					"spruce_door_bottom.png": ["Rename", "door_spruce_lower.png"],
					"spruce_door_top.png"   : ["Rename", "door_spruce_upper.png"],
					"spruce_leaves.png"     : ["Rename", "leaves_spruce.png"],
					"spruce_log.png"        : ["Rename", "log_spruce.png"],
					"spruce_log_top.png"    : ["Rename", "log_spruce_top.png"],
					"spruce_planks.png"     : ["Rename", "planks_spruce.png"],
					"spruce_sapling.png"    : ["Rename", "sapling_spruce.png"],
					"spruce_trapdoor.png"   : [],
					
					"activator_rail.png"   : ["Rename", "rail_activator.png"],
					"activator_rail_on.png": ["Rename", "rail_activator_powered.png"],
					
					"allium.png": ["Rename", "flower_allium.png"],
					
					"andesite.png": ["Rename", "stone_andesite.png"],
					
					"anvil.png"    : ["Rename", "anvil_base.png"],
					"anvil_top.png": ["Rename", "anvil_top_damaged_0.png"],
					
					"attached_melon_stem.png"  : ["Rename", "melon_stem_connected.png"],
					"attached_pumpkin_stem.png": ["Rename", "pumpkin_stem_connected.png"],
					
					"azure_bluet.png": ["Rename", "flower_houstonia.png"],
					
					"beetroots_stage0.png": ["Rename", "beetroots_stage_0.png"],
					"beetroots_stage1.png": ["Rename", "beetroots_stage_1.png"],
					"beetroots_stage2.png": ["Rename", "beetroots_stage_2.png"],
					"beetroots_stage3.png": ["Rename", "beetroots_stage_3.png"],
					
					"black_concrete.png"              : ["Rename", "concrete_black.png"],
					"black_concrete_powder.png"       : ["Rename", "concrete_powder_black.png"],
					"black_glazed_terracotta.png"     : ["Rename", "glazed_terracotta_black.png"],
					"black_shulker_box.png"           : ["Rename", "shulker_top_black.png"],
					"black_stained_glass.png"         : ["Rename", "glass_black.png"],
					"black_stained_glass_pane_top.png": ["Rename", "glass_pane_top_black.png"],
					"black_terracotta.png"            : ["Rename", "hardened_clay_stained_black.png"],
					"black_wool.png"                  : ["Rename", "wool_colored_black.png"],
					
					"blue_concrete.png"              : ["Rename", "concrete_blue.png"],
					"blue_concrete_powder.png"       : ["Rename", "concrete_powder_blue.png"],
					"blue_glazed_terracotta.png"     : ["Rename", "glazed_terracotta_blue.png"],
					"blue_shulker_box.png"           : ["Rename", "shulker_top_blue.png"],
					"blue_stained_glass.png"         : ["Rename", "glass_blue.png"],
					"blue_stained_glass_pane_top.png": ["Rename", "glass_pane_top_blue.png"],
					"blue_terracotta.png"            : ["Rename", "hardened_clay_stained_blue.png"],
					"blue_wool.png"                  : ["Rename", "wool_colored_blue.png"],
					
					"brown_concrete.png"              : ["Rename", "concrete_brown.png"],
					"brown_concrete_powder.png"       : ["Rename", "concrete_powder_brown.png"],
					"brown_glazed_terracotta.png"     : ["Rename", "glazed_terracotta_brown.png"],
					"brown_shulker_box.png"           : ["Rename", "shulker_top_brown.png"],
					"brown_stained_glass.png"         : ["Rename", "glass_brown.png"],
					"brown_stained_glass_pane_top.png": ["Rename", "glass_pane_top_brown.png"],
					"brown_terracotta.png"            : ["Rename", "hardened_clay_stained_brown.png"],
					"brown_wool.png"                  : ["Rename", "wool_colored_brown.png"],
					
					"cyan_concrete.png"              : ["Rename", "concrete_cyan.png"],
					"cyan_concrete_powder.png"       : ["Rename", "concrete_powder_cyan.png"],
					"cyan_glazed_terracotta.png"     : ["Rename", "glazed_terracotta_cyan.png"],
					"cyan_shulker_box.png"           : ["Rename", "shulker_top_cyan.png"],
					"cyan_stained_glass.png"         : ["Rename", "glass_cyan.png"],
					"cyan_stained_glass_pane_top.png": ["Rename", "glass_pane_top_cyan.png"],
					"cyan_terracotta.png"            : ["Rename", "hardened_clay_stained_cyan.png"],
					"cyan_wool.png"                  : ["Rename", "wool_colored_cyan.png"],
					
					"gray_concrete.png"              : ["Rename", "concrete_gray.png"],
					"gray_concrete_powder.png"       : ["Rename", "concrete_powder_gray.png"],
					"gray_glazed_terracotta.png"     : ["Rename", "glazed_terracotta_gray.png"],
					"gray_shulker_box.png"           : ["Rename", "shulker_top_gray.png"],
					"gray_stained_glass.png"         : ["Rename", "glass_gray.png"],
					"gray_stained_glass_pane_top.png": ["Rename", "glass_pane_top_gray.png"],
					"gray_terracotta.png"            : ["Rename", "hardened_clay_stained_gray.png"],
					"gray_wool.png"                  : ["Rename", "wool_colored_gray.png"],
					
					"green_concrete.png"              : ["Rename", "concrete_green.png"],
					"green_concrete_powder.png"       : ["Rename", "concrete_powder_green.png"],
					"green_glazed_terracotta.png"     : ["Rename", "glazed_terracotta_green.png"],
					"green_shulker_box.png"           : ["Rename", "shulker_top_green.png"],
					"green_stained_glass.png"         : ["Rename", "glass_green.png"],
					"green_stained_glass_pane_top.png": ["Rename", "glass_pane_top_green.png"],
					"green_terracotta.png"            : ["Rename", "hardened_clay_stained_green.png"],
					"green_wool.png"                  : ["Rename", "wool_colored_green.png"],
					
					"light_blue_concrete.png"              : ["Rename", "concrete_light_blue.png"],
					"light_blue_concrete_powder.png"       : ["Rename", "concrete_powder_light_blue.png"],
					"light_blue_glazed_terracotta.png"     : ["Rename", "glazed_terracotta_light_blue.png"],
					"light_blue_shulker_box.png"           : ["Rename", "shulker_top_light_blue.png"],
					"light_blue_stained_glass.png"         : ["Rename", "glass_light_blue.png"],
					"light_blue_stained_glass_pane_top.png": ["Rename", "glass_pane_top_light_blue.png"],
					"light_blue_terracotta.png"            : ["Rename", "hardened_clay_stained_light_blue.png"],
					"light_blue_wool.png"                  : ["Rename", "wool_colored_light_blue.png"],
					
					"lime_concrete.png"              : ["Rename", "concrete_lime.png"],
					"lime_concrete_powder.png"       : ["Rename", "concrete_powder_lime.png"],
					"lime_glazed_terracotta.png"     : ["Rename", "glazed_terracotta_lime.png"],
					"lime_shulker_box.png"           : ["Rename", "shulker_top_lime.png"],
					"lime_stained_glass.png"         : ["Rename", "glass_lime.png"],
					"lime_stained_glass_pane_top.png": ["Rename", "glass_pane_top_lime.png"],
					"lime_terracotta.png"            : ["Rename", "hardened_clay_stained_lime.png"],
					"lime_wool.png"                  : ["Rename", "wool_colored_lime.png"],
					
					"magenta_concrete.png"              : ["Rename", "concrete_magenta.png"],
					"magenta_concrete_powder.png"       : ["Rename", "concrete_powder_magenta.png"],
					"magenta_glazed_terracotta.png"     : ["Rename", "glazed_terracotta_magenta.png"],
					"magenta_shulker_box.png"           : ["Rename", "shulker_top_magenta.png"],
					"magenta_stained_glass.png"         : ["Rename", "glass_magenta.png"],
					"magenta_stained_glass_pane_top.png": ["Rename", "glass_pane_top_magenta.png"],
					"magenta_terracotta.png"            : ["Rename", "hardened_clay_stained_magenta.png"],
					"magenta_wool.png"                  : ["Rename", "wool_colored_magenta.png"],
					
					"orange_concrete.png"              : ["Rename", "concrete_orange.png"],
					"orange_concrete_powder.png"       : ["Rename", "concrete_powder_orange.png"],
					"orange_glazed_terracotta.png"     : ["Rename", "glazed_terracotta_orange.png"],
					"orange_shulker_box.png"           : ["Rename", "shulker_top_orange.png"],
					"orange_stained_glass.png"         : ["Rename", "glass_orange.png"],
					"orange_stained_glass_pane_top.png": ["Rename", "glass_pane_top_orange.png"],
					"orange_terracotta.png"            : ["Rename", "hardened_clay_stained_orange.png"],
					"orange_wool.png"                  : ["Rename", "wool_colored_orange.png"],
					
					"pink_concrete.png"              : ["Rename", "concrete_pink.png"],
					"pink_concrete_powder.png"       : ["Rename", "concrete_powder_pink.png"],
					"pink_glazed_terracotta.png"     : ["Rename", "glazed_terracotta_pink.png"],
					"pink_shulker_box.png"           : ["Rename", "shulker_top_pink.png"],
					"pink_stained_glass.png"         : ["Rename", "glass_pink.png"],
					"pink_stained_glass_pane_top.png": ["Rename", "glass_pane_top_pink.png"],
					"pink_terracotta.png"            : ["Rename", "hardened_clay_stained_pink.png"],
					"pink_wool.png"                  : ["Rename", "wool_colored_pink.png"],
					
					"red_concrete.png"              : ["Rename", "concrete_red.png"],
					"red_concrete_powder.png"       : ["Rename", "concrete_powder_red.png"],
					"red_glazed_terracotta.png"     : ["Rename", "glazed_terracotta_red.png"],
					"red_shulker_box.png"           : ["Rename", "shulker_top_red.png"],
					"red_stained_glass.png"         : ["Rename", "glass_red.png"],
					"red_stained_glass_pane_top.png": ["Rename", "glass_pane_top_red.png"],
					"red_terracotta.png"            : ["Rename", "hardened_clay_stained_red.png"],
					"red_wool.png"                  : ["Rename", "wool_colored_red.png"],
					
					"light_gray_concrete.png"              : ["Rename", "concrete_silver.png"],
					"light_gray_concrete_powder.png"       : ["Rename", "concrete_powder_silver.png"],
					"light_gray_glazed_terracotta.png"     : ["Rename", "glazed_terracotta_silver.png"],
					"light_gray_shulker_box.png"           : ["Rename", "shulker_top_silver.png"],
					"light_gray_stained_glass.png"         : ["Rename", "glass_silver.png"],
					"light_gray_stained_glass_pane_top.png": ["Rename", "glass_pane_top_silver.png"],
					"light_gray_terracotta.png"            : ["Rename", "hardened_clay_stained_silver.png"],
					"light_gray_wool.png"                  : ["Rename", "wool_colored_silver.png"],
					
					"white_concrete.png"              : ["Rename", "concrete_white.png"],
					"white_concrete_powder.png"       : ["Rename", "concrete_powder_white.png"],
					"white_glazed_terracotta.png"     : ["Rename", "glazed_terracotta_white.png"],
					"white_shulker_box.png"           : ["Rename", "shulker_top_white.png"],
					"white_stained_glass.png"         : ["Rename", "glass_white.png"],
					"white_stained_glass_pane_top.png": ["Rename", "glass_pane_top_white.png"],
					"white_terracotta.png"            : ["Rename", "hardened_clay_stained_white.png"],
					"white_wool.png"                  : ["Rename", "wool_colored_white.png"],
					
					"yellow_concrete.png"              : ["Rename", "concrete_yellow.png"],
					"yellow_concrete_powder.png"       : ["Rename", "concrete_powder_yellow.png"],
					"yellow_glazed_terracotta.png"     : ["Rename", "glazed_terracotta_yellow.png"],
					"yellow_shulker_box.png"           : ["Rename", "shulker_top_yellow.png"],
					"yellow_stained_glass.png"         : ["Rename", "glass_yellow.png"],
					"yellow_stained_glass_pane_top.png": ["Rename", "glass_pane_top_yellow.png"],
					"yellow_terracotta.png"            : ["Rename", "hardened_clay_stained_yellow.png"],
					"yellow_wool.png"                  : ["Rename", "wool_colored_yellow.png"],
					
					"purple_concrete.png"              : ["Rename", "concrete_purple.png"],
					"purple_concrete_powder.png"       : ["Rename", "concrete_powder_purple.png"],
					"purple_glazed_terracotta.png"     : ["Rename", "glazed_terracotta_purple.png"],
					"purple_shulker_box.png"           : ["Rename", "shulker_top_purple.png"], // УЧТИ ДЕФОЛТНЫЙ ШАЛКЕР ТЕКСТУРУ
					"purple_stained_glass.png"         : ["Rename", "glass_purple.png"],
					"purple_stained_glass_pane_top.png": ["Rename", "glass_pane_top_purple.png"],
					"purple_terracotta.png"            : ["Rename", "hardened_clay_stained_purple.png"],
					"purple_wool.png"                  : ["Rename", "wool_colored_purple.png"],
				}],
				"blocks/": null,
				
				"item/": ["Actions", "assets/minecraft/textures/items/", {
					
				}],
				"items/": null,
			}
		}
	}
}