{
	"Parent": "1.12",
	
	"ID"  : "1.13",
	"Type": "Version",
	//"Dev" : false,
	
	"Add": ["ResourcePack"],
	
	"PackFormat": 4,
	
	"Files": {
		"assets/minecraft/": {
			"font/": {
				"glyph_sizes.bin": null,
				"default.json"   : ["File", "R/O/Font.json"]
			},
			
			"textures/": {
				"particle/particles.png": ["Atlas", {
					"Size": [32, 32],
					
					"0": {
						"13": ["Texture", "R/T/P/Nautilus.png"],
						"16": ["Texture", "R/T/P/Bubble_Pop.png"]
					}
				}],
				
				"models/armor/turtle_layer_1.png": ["Texture", "R/T/E/Player/Armor/Turtle.png"],
				
				"map/map_icons.png": [], // ау... что это???? ты не забыл про это????
				
				"gui/": {
					"recipe_button.png": ["Atlas", {
						"Size": [256, 256],
						
						"0": {
							"0" : ["Texture", "R/T/U/Recipe_Book_Button.png"],
							"19": ["Texture", "R/T/U/Recipe_Book_Button_Hover.png"]
						}
					}],
					
					"title/background/panorama_overlay.png": ["Texture", "R/T/O/Panorama_Menu_Overlay.png"],
					
					"container/": {
						"inventory.png": ["Atlas", {
							"144": {
								"198": ["Texture", "R/T/U/Effect/Falling.png"]
							},
							"162": {
								"198": ["Texture", "R/T/U/Effect/Conduit.png"]
							},
							"180": {
								"198": ["Texture", "R/T/U/Effect/Dolphin.png"]
							}
						}]
					}
				},
				
				"font/": {
					"bloodraw_00.png": ["Rename", "unicode_page_00.png"],
					"bloodraw_04.png": ["Rename", "unicode_page_04.png"],
					"bloodraw_21.png": ["Rename", "unicode_page_21.png"]
				},
				
				"entity/": {
					"trident.png"        : ["Texture", "R/T/E/Player/Item/Trident.png"],
					"trident_riptide.png": ["Texture", "R/T/E/Player/Item/Trident_Riptide.png"],
					
					"phantom.png"     : ["Texture", "R/T/E/Phantom/Default.png"],
					"phantom_eyes.png": ["Texture", "R/T/E/Phantom/Eyes.png"],
					
					"conduit/": {
						"base.png"          : [],
						"break_particle.png": [],
						"cage.png"          : [],
						"closed_eye.png"    : [],
						"open_eye.png"      : [],
						"wind.png"          : [],
						"wind_vertical.png" : [],
					},
					
					"fish/": {
						"cod.png"       : ["Texture", "R/T/E/Fish/Cod.png"],
						"pufferfish.png": ["Texture", "R/T/E/Fish/Pufferfish.png"],
						"salmon.png"    : ["Texture", "R/T/E/Fish/Salmon.png"],
						
						"tropical_a.png"          : [],
						"tropical_a_pattern_1.png": [],
						"tropical_a_pattern_2.png": [],
						"tropical_a_pattern_3.png": [],
						"tropical_a_pattern_4.png": [],
						"tropical_a_pattern_5.png": [],
						"tropical_a_pattern_6.png": [],
						
						"tropical_b.png": [],
						"tropical_b_pattern_1.png": [],
						"tropical_b_pattern_2.png": [],
						"tropical_b_pattern_3.png": [],
						"tropical_b_pattern_4.png": [],
						"tropical_b_pattern_5.png": [],
						"tropical_b_pattern_6.png": [],
					},
					
					"dolphin.png": ["Texture", "R/T/E/Dolphin/Default.png"],
					
					"horse/": {
						"horse_black.png"    : ["Texture", "R/T/E/Horse/Black.png"],
						"horse_brown.png"    : ["Texture", "R/T/E/Horse/Brown.png"],
						"horse_chestnut.png" : ["Texture", "R/T/E/Horse/Chestnut.png"],
						"horse_creamy.png"   : ["Texture", "R/T/E/Horse/Creamy.png"],
						"horse_darkbrown.png": ["Texture", "R/T/E/Horse/Dark.png"],
						"horse_gray.png"     : ["Texture", "R/T/E/Horse/Gray.png"],
						"horse_white.png"    : ["Texture", "R/T/E/Horse/White.png"],
						
						"donkey.png": ["Texture", "R/T/E/Horse/Donkey.png"],
						"mule.png"  : ["Texture", "R/T/E/Horse/Mule.png"],
						
						"horse_markings_blackdots.png" : ["Texture", "R/T/E/Horse/Markings_Black.png"],
						"horse_markings_white.png"     : ["Texture", "R/T/E/Horse/Markings_Line.png"],
						"horse_markings_whitedots.png" : ["Texture", "R/T/E/Horse/Markings_Dots.png"],
						"horse_markings_whitefield.png": ["Texture", "R/T/E/Horse/Markings_Fire.png"],
						
						"horse_skeleton.png": ["Texture", "R/T/E/Horse/Skeleton.png"],
						"horse_zombie.png"  : ["Texture", "R/T/E/Horse/Zombie.png"],
						
						"armor/": {
							"horse_armor_diamond.png": ["Texture", "R/T/E/Horse/Armor/Diamond.png"],
							"horse_armor_gold.png"   : ["Texture", "R/T/E/Horse/Armor/Gold.png"],
							"horse_armor_iron.png"   : ["Texture", "R/T/E/Horse/Armor/Iron.png"],
						}
					},
					
					"llama/": {
						"llama.png": null,
						
						"brown.png" : ["Rename", "llama_brown.png"],
						"creamy.png": ["Rename", "llama_creamy.png"],
						"gray.png"  : ["Rename", "llama_gray.png"],
						"white.png" : ["Rename", "llama_white.png"],
						
						"decor/": {
							"black.png"     : ["Rename", "decor_black.png"],
							"blue.png"      : ["Rename", "decor_blue.png"],
							"brown.png"     : ["Rename", "decor_brown.png"],
							"cyan.png"      : ["Rename", "decor_cyan.png"],
							"gray.png"      : ["Rename", "decor_gray.png"],
							"green.png"     : ["Rename", "decor_green.png"],
							"light_blue.png": ["Rename", "decor_light_blue.png"],
							"lime.png"      : ["Rename", "decor_lime.png"],
							"magenta.png"   : ["Rename", "decor_magenta.png"],
							"orange.png"    : ["Rename", "decor_orange.png"],
							"pink.png"      : ["Rename", "decor_pink.png"],
							"purple.png"    : ["Rename", "decor_purple.png"],
							"red.png"       : ["Rename", "decor_red.png"],
							"light_gray.png": ["Rename", "decor_silver.png"],
							"white.png"     : ["Rename", "decor_white.png"],
							"yellow.png"    : ["Rename", "decor_yellow.png"],
						}
					},
					
					"boat/": {
						"acacia.png"  : ["Rename", "boat_acacia.png"],
						"birch.png"   : ["Rename", "boat_birch.png"],
						"dark_oak.png": ["Rename", "boat_darkoak.png"],
						"jungle.png"  : ["Rename", "boat_jungle.png"],
						"oak.png"     : ["Rename", "boat_oak.png"],
						"spruce.png"  : ["Rename", "boat_spruce.png"],
					},
					
					"bed/light_gray.png": ["Rename", "bed/silver.png"],
					
					"shulker/": {
						"shulker.png"           : ["Rename", "shulker_purple.png"],
						"shulker_light_gray.png": ["Rename", "shulker_silver.png"],
						
						"shulker_purple.png": ["Texture", "R/T/E/Shulker/Purple.png"]
					},
					
					"turtle/big_sea_turtle.png": ["Texture", "R/T/E/Turtle/Default.png"],
					
					"zombie/": {
						"drowned.png"            : ["Texture", "R/T/E/Zombie/Drowned.png", [["Crop", 0, 0 , 64, 64]]],
						"drowned_outer_layer.png": ["Texture", "R/T/E/Zombie/Drowned.png", [["Crop", 0, 64, 64, 64]]],
					}
				},
				
				"block/": ["Actions", "assets/minecraft/textures/blocks/", {
					"conduit.png": "assets/minecraft/textures/entity/conduit/break_particle.png",
					
					"nether_portal.png": ["Rename", "portal.png"],
					
					"acacia_door_bottom.png": ["Rename", "door_acacia_lower.png"],
					"acacia_door_top.png"   : ["Rename", "door_acacia_upper.png"],
					"acacia_leaves.png"     : ["Rename", "leaves_acacia.png"],
					"acacia_log.png"        : ["Rename", "log_acacia.png"],
					"acacia_log_top.png"    : ["Rename", "log_acacia_top.png"],
					"acacia_planks.png"     : ["Rename", "planks_acacia.png"],
					"acacia_sapling.png"    : ["Rename", "sapling_acacia.png"],
					"acacia_trapdoor.png"   : ["Texture", "R/T/B/Trapdoor/Acacia.png"],
					
					"birch_door_bottom.png": ["Rename", "door_birch_lower.png"],
					"birch_door_top.png"   : ["Rename", "door_birch_upper.png"],
					"birch_leaves.png"     : ["Rename", "leaves_birch.png"],
					"birch_log.png"        : ["Rename", "log_birch.png"],
					"birch_log_top.png"    : ["Rename", "log_birch_top.png"],
					"birch_planks.png"     : ["Rename", "planks_birch.png"],
					"birch_sapling.png"    : ["Rename", "sapling_birch.png"],
					"birch_trapdoor.png"   : ["Texture", "R/T/B/Trapdoor/Birch.png"],
					
					"dark_oak_door_bottom.png": ["Rename", "door_dark_oak_lower.png"],
					"dark_oak_door_top.png"   : ["Rename", "door_dark_oak_upper.png"],
					"dark_oak_leaves.png"     : ["Rename", "leaves_big_oak.png"],
					"dark_oak_log.png"        : ["Rename", "log_big_oak.png"],
					"dark_oak_log_top.png"    : ["Rename", "log_big_oak_top.png"],
					"dark_oak_planks.png"     : ["Rename", "planks_big_oak.png"],
					"dark_oak_sapling.png"    : ["Rename", "sapling_roofed_oak.png"],
					"dark_oak_trapdoor.png"   : ["Texture", "R/T/B/Trapdoor/Dark.png"],
					
					"jungle_door_bottom.png": ["Rename", "door_jungle_lower.png"],
					"jungle_door_top.png"   : ["Rename", "door_jungle_upper.png"],
					"jungle_leaves.png"     : ["Rename", "leaves_jungle.png"],
					"jungle_log.png"        : ["Rename", "log_jungle.png"],
					"jungle_log_top.png"    : ["Rename", "log_jungle_top.png"],
					"jungle_planks.png"     : ["Rename", "planks_jungle.png"],
					"jungle_sapling.png"    : ["Rename", "sapling_jungle.png"],
					"jungle_trapdoor.png"   : ["Texture", "R/T/B/Trapdoor/Jungle.png"],
					
					"oak_door_bottom.png": ["Rename", "door_wood_lower.png"],
					"oak_door_top.png"   : ["Rename", "door_wood_upper.png"],
					"oak_leaves.png"     : ["Rename", "leaves_oak.png"],
					"oak_log.png"        : ["Rename", "log_oak.png"],
					"oak_log_top.png"    : ["Rename", "log_oak_top.png"],
					"oak_planks.png"     : ["Rename", "planks_oak.png"],
					"oak_sapling.png"    : ["Rename", "sapling_oak.png"],
					"oak_trapdoor.png"   : ["Rename", "trapdoor.png"],
					
					"spruce_door_bottom.png": ["Rename", "door_spruce_lower.png"],
					"spruce_door_top.png"   : ["Rename", "door_spruce_upper.png"],
					"spruce_leaves.png"     : ["Rename", "leaves_spruce.png"],
					"spruce_log.png"        : ["Rename", "log_spruce.png"],
					"spruce_log_top.png"    : ["Rename", "log_spruce_top.png"],
					"spruce_planks.png"     : ["Rename", "planks_spruce.png"],
					"spruce_sapling.png"    : ["Rename", "sapling_spruce.png"],
					"spruce_trapdoor.png"   : ["Texture", "R/T/B/Trapdoor/Spruce.png"],
					
					"activator_rail.png"   : ["Rename", "rail_activator.png"],
					"activator_rail_on.png": ["Rename", "rail_activator_powered.png"],
					
					"allium.png": ["Rename", "flower_allium.png"],
					
					"attached_melon_stem.png"  : ["Rename", "melon_stem_connected.png"],
					"attached_pumpkin_stem.png": ["Rename", "pumpkin_stem_connected.png"],
					"melon_stem.png"           : ["Rename", "melon_stem_disconnected.png"],
					"pumpkin_stem.png"         : ["Rename", "pumpkin_stem_disconnected.png"],
					
					"azure_bluet.png": ["Rename", "flower_houstonia.png"],
					
					"beetroots_stage0.png": ["Rename", "beetroots_stage_0.png"],
					"beetroots_stage1.png": ["Rename", "beetroots_stage_1.png"],
					"beetroots_stage2.png": ["Rename", "beetroots_stage_2.png"],
					"beetroots_stage3.png": ["Rename", "beetroots_stage_3.png"],
					
					"black_concrete.png"              : ["Rename", "concrete_black.png"],
					"black_concrete_powder.png"       : ["Rename", "concrete_powder_black.png"],
					"black_glazed_terracotta.png"     : ["Rename", "glazed_terracotta_black.png"],
					"black_shulker_box.png"           : ["Rename", "shulker_top_black.png"],
					"black_stained_glass.png"         : ["Rename", "glass_black.png"],
					"black_stained_glass_pane_top.png": ["Rename", "glass_pane_top_black.png"],
					"black_terracotta.png"            : ["Rename", "hardened_clay_stained_black.png"],
					"black_wool.png"                  : ["Rename", "wool_colored_black.png"],
					
					"blue_concrete.png"              : ["Rename", "concrete_blue.png"],
					"blue_concrete_powder.png"       : ["Rename", "concrete_powder_blue.png"],
					"blue_glazed_terracotta.png"     : ["Rename", "glazed_terracotta_blue.png"],
					"blue_shulker_box.png"           : ["Rename", "shulker_top_blue.png"],
					"blue_stained_glass.png"         : ["Rename", "glass_blue.png"],
					"blue_stained_glass_pane_top.png": ["Rename", "glass_pane_top_blue.png"],
					"blue_terracotta.png"            : ["Rename", "hardened_clay_stained_blue.png"],
					"blue_wool.png"                  : ["Rename", "wool_colored_blue.png"],
					
					"brown_concrete.png"              : ["Rename", "concrete_brown.png"],
					"brown_concrete_powder.png"       : ["Rename", "concrete_powder_brown.png"],
					"brown_glazed_terracotta.png"     : ["Rename", "glazed_terracotta_brown.png"],
					"brown_shulker_box.png"           : ["Rename", "shulker_top_brown.png"],
					"brown_stained_glass.png"         : ["Rename", "glass_brown.png"],
					"brown_stained_glass_pane_top.png": ["Rename", "glass_pane_top_brown.png"],
					"brown_terracotta.png"            : ["Rename", "hardened_clay_stained_brown.png"],
					"brown_wool.png"                  : ["Rename", "wool_colored_brown.png"],
					
					"cyan_concrete.png"              : ["Rename", "concrete_cyan.png"],
					"cyan_concrete_powder.png"       : ["Rename", "concrete_powder_cyan.png"],
					"cyan_glazed_terracotta.png"     : ["Rename", "glazed_terracotta_cyan.png"],
					"cyan_shulker_box.png"           : ["Rename", "shulker_top_cyan.png"],
					"cyan_stained_glass.png"         : ["Rename", "glass_cyan.png"],
					"cyan_stained_glass_pane_top.png": ["Rename", "glass_pane_top_cyan.png"],
					"cyan_terracotta.png"            : ["Rename", "hardened_clay_stained_cyan.png"],
					"cyan_wool.png"                  : ["Rename", "wool_colored_cyan.png"],
					
					"gray_concrete.png"              : ["Rename", "concrete_gray.png"],
					"gray_concrete_powder.png"       : ["Rename", "concrete_powder_gray.png"],
					"gray_glazed_terracotta.png"     : ["Rename", "glazed_terracotta_gray.png"],
					"gray_shulker_box.png"           : ["Rename", "shulker_top_gray.png"],
					"gray_stained_glass.png"         : ["Rename", "glass_gray.png"],
					"gray_stained_glass_pane_top.png": ["Rename", "glass_pane_top_gray.png"],
					"gray_terracotta.png"            : ["Rename", "hardened_clay_stained_gray.png"],
					"gray_wool.png"                  : ["Rename", "wool_colored_gray.png"],
					
					"green_concrete.png"              : ["Rename", "concrete_green.png"],
					"green_concrete_powder.png"       : ["Rename", "concrete_powder_green.png"],
					"green_glazed_terracotta.png"     : ["Rename", "glazed_terracotta_green.png"],
					"green_shulker_box.png"           : ["Rename", "shulker_top_green.png"],
					"green_stained_glass.png"         : ["Rename", "glass_green.png"],
					"green_stained_glass_pane_top.png": ["Rename", "glass_pane_top_green.png"],
					"green_terracotta.png"            : ["Rename", "hardened_clay_stained_green.png"],
					"green_wool.png"                  : ["Rename", "wool_colored_green.png"],
					
					"light_blue_concrete.png"              : ["Rename", "concrete_light_blue.png"],
					"light_blue_concrete_powder.png"       : ["Rename", "concrete_powder_light_blue.png"],
					"light_blue_glazed_terracotta.png"     : ["Rename", "glazed_terracotta_light_blue.png"],
					"light_blue_shulker_box.png"           : ["Rename", "shulker_top_light_blue.png"],
					"light_blue_stained_glass.png"         : ["Rename", "glass_light_blue.png"],
					"light_blue_stained_glass_pane_top.png": ["Rename", "glass_pane_top_light_blue.png"],
					"light_blue_terracotta.png"            : ["Rename", "hardened_clay_stained_light_blue.png"],
					"light_blue_wool.png"                  : ["Rename", "wool_colored_light_blue.png"],
					
					"lime_concrete.png"              : ["Rename", "concrete_lime.png"],
					"lime_concrete_powder.png"       : ["Rename", "concrete_powder_lime.png"],
					"lime_glazed_terracotta.png"     : ["Rename", "glazed_terracotta_lime.png"],
					"lime_shulker_box.png"           : ["Rename", "shulker_top_lime.png"],
					"lime_stained_glass.png"         : ["Rename", "glass_lime.png"],
					"lime_stained_glass_pane_top.png": ["Rename", "glass_pane_top_lime.png"],
					"lime_terracotta.png"            : ["Rename", "hardened_clay_stained_lime.png"],
					"lime_wool.png"                  : ["Rename", "wool_colored_lime.png"],
					
					"magenta_concrete.png"              : ["Rename", "concrete_magenta.png"],
					"magenta_concrete_powder.png"       : ["Rename", "concrete_powder_magenta.png"],
					"magenta_glazed_terracotta.png"     : ["Rename", "glazed_terracotta_magenta.png"],
					"magenta_shulker_box.png"           : ["Rename", "shulker_top_magenta.png"],
					"magenta_stained_glass.png"         : ["Rename", "glass_magenta.png"],
					"magenta_stained_glass_pane_top.png": ["Rename", "glass_pane_top_magenta.png"],
					"magenta_terracotta.png"            : ["Rename", "hardened_clay_stained_magenta.png"],
					"magenta_wool.png"                  : ["Rename", "wool_colored_magenta.png"],
					
					"orange_concrete.png"              : ["Rename", "concrete_orange.png"],
					"orange_concrete_powder.png"       : ["Rename", "concrete_powder_orange.png"],
					"orange_glazed_terracotta.png"     : ["Rename", "glazed_terracotta_orange.png"],
					"orange_shulker_box.png"           : ["Rename", "shulker_top_orange.png"],
					"orange_stained_glass.png"         : ["Rename", "glass_orange.png"],
					"orange_stained_glass_pane_top.png": ["Rename", "glass_pane_top_orange.png"],
					"orange_terracotta.png"            : ["Rename", "hardened_clay_stained_orange.png"],
					"orange_wool.png"                  : ["Rename", "wool_colored_orange.png"],
					
					"pink_concrete.png"              : ["Rename", "concrete_pink.png"],
					"pink_concrete_powder.png"       : ["Rename", "concrete_powder_pink.png"],
					"pink_glazed_terracotta.png"     : ["Rename", "glazed_terracotta_pink.png"],
					"pink_shulker_box.png"           : ["Rename", "shulker_top_pink.png"],
					"pink_stained_glass.png"         : ["Rename", "glass_pink.png"],
					"pink_stained_glass_pane_top.png": ["Rename", "glass_pane_top_pink.png"],
					"pink_terracotta.png"            : ["Rename", "hardened_clay_stained_pink.png"],
					"pink_wool.png"                  : ["Rename", "wool_colored_pink.png"],
					
					"red_concrete.png"              : ["Rename", "concrete_red.png"],
					"red_concrete_powder.png"       : ["Rename", "concrete_powder_red.png"],
					"red_glazed_terracotta.png"     : ["Rename", "glazed_terracotta_red.png"],
					"red_shulker_box.png"           : ["Rename", "shulker_top_red.png"],
					"red_stained_glass.png"         : ["Rename", "glass_red.png"],
					"red_stained_glass_pane_top.png": ["Rename", "glass_pane_top_red.png"],
					"red_terracotta.png"            : ["Rename", "hardened_clay_stained_red.png"],
					"red_wool.png"                  : ["Rename", "wool_colored_red.png"],
					
					"light_gray_concrete.png"              : ["Rename", "concrete_silver.png"],
					"light_gray_concrete_powder.png"       : ["Rename", "concrete_powder_silver.png"],
					"light_gray_glazed_terracotta.png"     : ["Rename", "glazed_terracotta_silver.png"],
					"light_gray_shulker_box.png"           : ["Rename", "shulker_top_silver.png"],
					"light_gray_stained_glass.png"         : ["Rename", "glass_silver.png"],
					"light_gray_stained_glass_pane_top.png": ["Rename", "glass_pane_top_silver.png"],
					"light_gray_terracotta.png"            : ["Rename", "hardened_clay_stained_silver.png"],
					"light_gray_wool.png"                  : ["Rename", "wool_colored_silver.png"],
					
					"white_concrete.png"              : ["Rename", "concrete_white.png"],
					"white_concrete_powder.png"       : ["Rename", "concrete_powder_white.png"],
					"white_glazed_terracotta.png"     : ["Rename", "glazed_terracotta_white.png"],
					"white_shulker_box.png"           : ["Rename", "shulker_top_white.png"],
					"white_stained_glass.png"         : ["Rename", "glass_white.png"],
					"white_stained_glass_pane_top.png": ["Rename", "glass_pane_top_white.png"],
					"white_terracotta.png"            : ["Rename", "hardened_clay_stained_white.png"],
					"white_wool.png"                  : ["Rename", "wool_colored_white.png"],
					
					"yellow_concrete.png"              : ["Rename", "concrete_yellow.png"],
					"yellow_concrete_powder.png"       : ["Rename", "concrete_powder_yellow.png"],
					"yellow_glazed_terracotta.png"     : ["Rename", "glazed_terracotta_yellow.png"],
					"yellow_shulker_box.png"           : ["Rename", "shulker_top_yellow.png"],
					"yellow_stained_glass.png"         : ["Rename", "glass_yellow.png"],
					"yellow_stained_glass_pane_top.png": ["Rename", "glass_pane_top_yellow.png"],
					"yellow_terracotta.png"            : ["Rename", "hardened_clay_stained_yellow.png"],
					"yellow_wool.png"                  : ["Rename", "wool_colored_yellow.png"],
					
					"shulker_box.png": ["Rename", "shulker_top_purple.png"],
					
					"purple_concrete.png"              : ["Rename", "concrete_purple.png"],
					"purple_concrete_powder.png"       : ["Rename", "concrete_powder_purple.png"],
					"purple_glazed_terracotta.png"     : ["Rename", "glazed_terracotta_purple.png"],
					"purple_shulker_box.png"           : [],
					"purple_stained_glass.png"         : ["Rename", "glass_purple.png"],
					"purple_stained_glass_pane_top.png": ["Rename", "glass_pane_top_purple.png"],
					"purple_terracotta.png"            : ["Rename", "hardened_clay_stained_purple.png"],
					"purple_wool.png"                  : ["Rename", "wool_colored_purple.png"],
					
					"wheat_stage0.png": ["Rename", "wheat_stage_0.png"],
					"wheat_stage1.png": ["Rename", "wheat_stage_1.png"],
					"wheat_stage2.png": ["Rename", "wheat_stage_2.png"],
					"wheat_stage3.png": ["Rename", "wheat_stage_3.png"],
					"wheat_stage4.png": ["Rename", "wheat_stage_4.png"],
					"wheat_stage5.png": ["Rename", "wheat_stage_5.png"],
					"wheat_stage6.png": ["Rename", "wheat_stage_6.png"],
					"wheat_stage7.png": ["Rename", "wheat_stage_7.png"],
					
					"tripwire.png"     : ["Rename", "trip_wire.png"],
					"tripwire_hook.png": ["Rename", "trip_wire_source.png"],
					
					"lily_pad.png": ["Rename", "waterlily.png"],
					
					"water_flow.png"   : ["Animation", ["Texture", "R/T/B/Liquid/Water_Flow.png"], "Water_Flow"],
					"water_still.png"  : ["Animation", ["Texture", "R/T/B/Liquid/Water.png"], "Water"],
					"water_overlay.png": "assets/minecraft/textures/block/water_still.png",
					
					"sugar_cane.png": ["Rename", "reeds.png"],
					
					"carved_pumpkin.png": ["Rename", "pumpkin_face_off.png"],
					"jack_o_lantern.png": ["Rename", "pumpkin_face_on.png"],
					
					"item_frame.png": ["Rename", "itemframe_background.png"],
					
					"wet_sponge.png": ["Rename", "sponge_wet.png"],
					
					"granite.png"          : ["Rename", "stone_granite.png"],
					"polished_granite.png" : ["Rename", "stone_granite_smooth.png"],
					"diorite.png"          : ["Rename", "stone_diorite.png"],
					"polished_diorite.png" : ["Rename", "stone_diorite_smooth.png"],
					"andesite.png"         : ["Rename", "stone_andesite.png"],
					"polished_andesite.png": ["Rename", "stone_andesite_smooth.png"],
					
					"grass_block_top.png"         : ["Rename", "grass_top.png"],
					"grass_block_side_overlay.png": ["Rename", "grass_side_overlay.png"],
					"grass_block_side.png"        : ["Rename", "grass_side.png"],
					"grass_block_snow.png"        : ["Rename", "grass_side_snowed.png"],
					"podzol_top.png"              : ["Rename", "dirt_podzol_top.png"],
					"podzol_side.png"             : ["Rename", "dirt_podzol_side.png"],
					
					"furnace_front.png": ["Rename", "furnace_front_off.png"],
					
					"end_portal_frame_top.png" : ["Rename", "endframe_top.png"],
					"end_portal_frame_side.png": ["Rename", "endframe_side.png"],
					"end_portal_frame_eye.png" : ["Rename", "endframe_eye.png"],
					
					"nether_quartz_ore.png"        : ["Rename", "quartz_ore.png"],
					"quartz_pillar_top.png"        : ["Rename", "quartz_block_lines_top.png"],
					"quartz_pillar.png"            : ["Rename", "quartz_block_lines.png"],
					"chiseled_quartz_block_top.png": ["Rename", "quartz_block_chiseled_top.png"],
					"chiseled_quartz_block.png"    : ["Rename", "quartz_block_chiseled.png"],
					
					"red_nether_bricks.png": ["Rename", "red_nether_brick.png"],
					"terracotta.png"       : ["Rename", "hardened_clay.png"],
					
					"packed_ice.png" : ["Rename", "ice_packed.png"],
					"slime_block.png": ["Rename", "slime.png"],
					
					"torch.png"         : ["Rename", "torch_on.png"],
					"redstone_torch.png": ["Rename", "redstone_torch_on.png"],
					
					"redstone_lamp.png": ["Rename", "redstone_lamp_off.png"],
					"note_block.png"   : ["Rename", "noteblock.png"],
					
					"nether_bricks.png"   : ["Rename", "nether_brick.png"],
					"end_stone_bricks.png": ["Rename", "end_bricks.png"],
					
					"sandstone.png"             : ["Rename", "sandstone_normal.png"],
					"chiseled_sandstone.png"    : ["Rename", "sandstone_carved.png"],
					"cut_sandstone.png"         : ["Rename", "sandstone_smooth.png"],
					"red_sandstone.png"         : ["Rename", "red_sandstone_normal.png"],
					"chiseled_red_sandstone.png": ["Rename", "red_sandstone_carved.png"],
					"cut_red_sandstone.png"     : ["Rename", "red_sandstone_smooth.png"],
					
					"prismarine.png"     : ["Rename", "prismarine_rough.png"],
					"dark_prismarine.png": ["Rename", "prismarine_dark.png"],
					
					"bricks.png"           : ["Rename", "brick.png"],
					"mossy_cobblestone.png": ["Rename", "cobblestone_mossy.png"],
					
					"stone_bricks.png"         : ["Rename", "stonebrick.png"],
					"chiseled_stone_bricks.png": ["Rename", "stonebrick_carved.png"],
					"cracked_stone_bricks.png" : ["Rename", "stonebrick_cracked.png"],
					"mossy_stone_bricks.png"   : ["Rename", "stonebrick_mossy.png"],
					
					"cobweb.png": ["Rename", "web.png"],
					
					"grass.png"    : ["Rename", "tallgrass.png"],
					"dead_bush.png": ["Rename", "deadbush.png"],
					
					"brown_mushroom.png": ["Rename", "mushroom_brown.png"],
					"red_mushroom.png"  : ["Rename", "mushroom_red.png"],
					
					"powered_rail.png"    : ["Rename", "rail_golden.png"],
					"powered_rail_on.png" : ["Rename", "rail_golden_powered.png"],
					"detector_rail.png"   : ["Rename", "rail_detector.png"],
					"detector_rail_on.png": ["Rename", "rail_detector_powered.png"],
					"rail.png"            : ["Rename", "rail_normal.png"],
					"rail_corner.png"     : ["Rename", "rail_normal_turned.png"],
					
					"piston_top.png"     : ["Rename", "piston_top_normal.png"],
					"dispenser_front.png": ["Rename", "dispenser_front_horizontal.png"],
					"dropper_front.png"  : ["Rename", "dropper_front_horizontal.png"],
					
					"anvil.png"            : ["Rename", "anvil_base.png"],
					"anvil_top.png"        : ["Rename", "anvil_top_damaged_0.png"],
					"chipped_anvil_top.png": ["Rename", "anvil_top_damaged_1.png"],
					"damaged_anvil_top.png": ["Rename", "anvil_top_damaged_2.png"],
					
					"fire_0.png": ["Rename", "fire_layer_0.png"],
					"fire_1.png": ["Rename", "fire_layer_1.png"],
					
					"dandelion.png"   : ["Rename", "flower_dandelion.png"],
					"blue_orchid.png" : ["Rename", "flower_blue_orchid.png"],
					"oxeye_daisy.png" : ["Rename", "flower_oxeye_daisy.png"],
					"poppy.png"       : ["Rename", "flower_rose.png"],
					"orange_tulip.png": ["Rename", "flower_tulip_orange.png"],
					"pink_tulip.png"  : ["Rename", "flower_tulip_pink.png"],
					"red_tulip.png"   : ["Rename", "flower_tulip_red.png"],
					"white_tulip.png" : ["Rename", "flower_tulip_white.png"],
					
					"rose_bush_top.png"    : ["Rename", "double_plant_rose_top.png"],
					"rose_bush_bottom.png" : ["Rename", "double_plant_rose_bottom.png"],
					"peony_top.png"        : ["Rename", "double_plant_paeonia_top.png"],
					"peony_bottom.png"     : ["Rename", "double_plant_paeonia_bottom.png"],
					"lilac_top.png"        : ["Rename", "double_plant_syringa_top.png"],
					"lilac_bottom.png"     : ["Rename", "double_plant_syringa_bottom.png"],
					"tall_grass_top.png"   : ["Rename", "double_plant_grass_top.png"],
					"tall_grass_bottom.png": ["Rename", "double_plant_grass_bottom.png"],
					"large_fern_top.png"   : ["Rename", "double_plant_fern_top.png"],
					"large_fern_bottom.png": ["Rename", "double_plant_fern_bottom.png"],
					"sunflower_front.png"  : ["Rename", "double_plant_sunflower_front.png"],
					"sunflower_back.png"   : ["Rename", "double_plant_sunflower_back.png"],
					"sunflower_top.png"    : ["Rename", "double_plant_sunflower_top.png"],
					"sunflower_bottom.png" : ["Rename", "double_plant_sunflower_bottom.png"],
					
					"brown_mushroom_block.png": ["Rename", "mushroom_block_skin_brown.png"],
					"red_mushroom_block.png"  : ["Rename", "mushroom_block_skin_red.png"],
					"mushroom_stem.png"       : ["Rename", "mushroom_block_skin_stem.png"],
					
					"farmland.png"      : ["Rename", "farmland_dry.png"],
					"farmland_moist.png": ["Rename", "farmland_wet.png"],
					
					"iron_door_top.png"   : ["Rename", "door_iron_upper.png"],
					"iron_door_bottom.png": ["Rename", "door_iron_lower.png"],
					
					"repeater.png"  : ["Rename", "repeater_off.png"],
					"comparator.png": ["Rename", "comparator_off.png"],
					
					"cocoa_stage0.png": ["Rename", "cocoa_stage_0.png"],
					"cocoa_stage1.png": ["Rename", "cocoa_stage_1.png"],
					"cocoa_stage2.png": ["Rename", "cocoa_stage_2.png"],
					
					"carrots_stage0.png": ["Rename", "carrots_stage_0.png"],
					"carrots_stage1.png": ["Rename", "carrots_stage_1.png"],
					"carrots_stage2.png": ["Rename", "carrots_stage_2.png"],
					"carrots_stage3.png": ["Rename", "carrots_stage_3.png"],
					
					"potatoes_stage0.png": ["Rename", "potatoes_stage_0.png"],
					"potatoes_stage1.png": ["Rename", "potatoes_stage_1.png"],
					"potatoes_stage2.png": ["Rename", "potatoes_stage_2.png"],
					"potatoes_stage3.png": ["Rename", "potatoes_stage_3.png"],
					
					"sea_pickle.png": [],
					"seagrass.png"  : [],

					"tall_seagrass_top.png"   : [],
					"tall_seagrass_bottom.png": [],
					
					"stripped_acacia_log.png"      : ["Texture", "R/T/B/Log/Stripped/Acacia.png"],
					"stripped_acacia_log_top.png"  : ["Texture", "R/T/B/Log/Stripped/Acacia_Top.png"],
					"stripped_birch_log.png"       : ["Texture", "R/T/B/Log/Stripped/Birch.png"],
					"stripped_birch_log_top.png"   : ["Texture", "R/T/B/Log/Stripped/Birch_Top.png"],
					"stripped_dark_oak_log.png"    : ["Texture", "R/T/B/Log/Stripped/Dark.png"],
					"stripped_dark_oak_log_top.png": ["Texture", "R/T/B/Log/Stripped/Dark_Top.png"],
					"stripped_jungle_log.png"      : ["Texture", "R/T/B/Log/Stripped/Jungle.png"],
					"stripped_jungle_log_top.png"  : ["Texture", "R/T/B/Log/Stripped/Jungle_Top.png"],
					"stripped_oak_log.png"         : ["Texture", "R/T/B/Log/Stripped/Oak.png"],
					"stripped_oak_log_top.png"     : ["Texture", "R/T/B/Log/Stripped/Oak_Top.png"],
					"stripped_spruce_log.png"      : ["Texture", "R/T/B/Log/Stripped/Spruce.png"],
					"stripped_spruce_log_top.png"  : ["Texture", "R/T/B/Log/Stripped/Spruce_Top.png"],
					
					"dried_kelp_top.png"   : [],
					"dried_kelp_side.png"  : [],
					"dried_kelp_bottom.png": [],
					
					"brain_coral.png"           : [],
					"dead_brain_coral.png"      : [],
					"brain_coral_fan.png"       : [],
					"dead_brain_coral_fan.png"  : [],
					"brain_coral_block.png"     : [],
					"dead_brain_coral_block.png": [],
					
					"bubble_coral.png"           : [],
					"dead_bubble_coral.png"      : [],
					"bubble_coral_fan.png"       : [],
					"dead_bubble_coral_fan.png"  : [],
					"bubble_coral_block.png"     : [],
					"dead_bubble_coral_block.png": [],
					
					"fire_coral.png"           : [],
					"dead_fire_coral.png"      : [],
					"fire_coral_fan.png"       : [],
					"dead_fire_coral_fan.png"  : [],
					"fire_coral_block.png"     : [],
					"dead_fire_coral_block.png": [],
					
					"horn_coral.png"           : [],
					"dead_horn_coral.png"      : [],
					"horn_coral_fan.png"       : [],
					"dead_horn_coral_fan.png"  : [],
					"horn_coral_block.png"     : [],
					"dead_horn_coral_block.png": [],
					
					"tube_coral.png"           : [],
					"dead_tube_coral.png"      : [],
					"tube_coral_fan.png"       : [],
					"dead_tube_coral_fan.png"  : [],
					"tube_coral_block.png"     : [],
					"dead_tube_coral_block.png": [],
					
					"kelp.png"      : [],
					"kelp_plant.png": [],
					
					"blue_ice.png": [],
					
					"turtle_egg.png"                 : [],
					"turtle_egg_slightly_cracked.png": [],
					"turtle_egg_very_cracked.png"    : [],
					
					"spawner.png": ["Rename", "mob_spawner.png"],
				}],
				"blocks/": null,
				
				"item/": ["Actions", "assets/minecraft/textures/items/", {
					"bucket.png"              : ["Rename", "bucket_empty.png"],
					"water_bucket.png"        : ["Rename", "bucket_water.png"],
					"lava_bucket.png"         : ["Rename", "bucket_lava.png"],
					"milk_bucket.png"         : ["Rename", "bucket_milk.png"],
					"cod_bucket.png"          : ["Animation", ["Texture", "R/T/I/Bucket/Fish/Cod.file"], "Water"],
					"salmon_bucket.png"       : ["Animation", ["Texture", "R/T/I/Bucket/Fish/Salmon.file"], "Water"],
					"tropical_fish_bucket.png": ["Animation", ["Texture", "R/T/I/Bucket/Fish/Tropical.file"], "Water"],
					"pufferfish_bucket.png"   : ["Animation", ["Texture", "R/T/I/Bucket/Fish/Puffer.file"], "Water"],
					
					"rose_red.png"        : ["Rename", "dye_powder_red.png"],
					"cactus_green.png"    : ["Rename", "dye_powder_green.png"],
					"purple_dye.png"      : ["Rename", "dye_powder_purple.png"],
					"cyan_dye.png"        : ["Rename", "dye_powder_cyan.png"],
					"light_gray_dye.png"  : ["Rename", "dye_powder_silver.png"],
					"light_blue_dye.png"  : ["Rename", "dye_powder_light_blue.png"],
					"dandelion_yellow.png": ["Rename", "dye_powder_yellow.png"],
					"lime_dye.png"        : ["Rename", "dye_powder_lime.png"],
					"pink_dye.png"        : ["Rename", "dye_powder_pink.png"],
					"gray_dye.png"        : ["Rename", "dye_powder_gray.png"],
					"magenta_dye.png"     : ["Rename", "dye_powder_magenta.png"],
					"orange_dye.png"      : ["Rename", "dye_powder_orange.png"],
					
					"book.png"          : ["Rename", "book_normal.png"],
					"enchanted_book.png": ["Rename", "book_enchanted.png"],
					"writable_book.png" : ["Rename", "book_writable.png"],
					"written_book.png"  : ["Rename", "book_written.png"],
					
					"redstone.png": ["Rename", "redstone_dust.png"],
					
					"cocoa_beans.png"  : ["Rename", "dye_powder_brown.png"],
					"melon_seeds.png"  : ["Rename", "seeds_melon.png"],
					"pumpkin_seeds.png": ["Rename", "seeds_pumpkin.png"],
					"wheat_seeds.png"  : ["Rename", "seeds_wheat.png"],
					
					"totem_of_undying.png": ["Rename", "totem.png"],
					
					"lapis_lazuli.png": ["Rename", "dye_powder_blue.png"],
					"ink_sac.png"     : ["Rename", "dye_powder_black.png"],
					"bone_meal.png"   : ["Rename", "dye_powder_white.png"],
					
					"fire_charge.png": ["Rename", "fireball.png"],
					
					"firework_rocket.png"      : ["Rename", "fireworks.png"],
					"firework_star.png"        : ["Rename", "fireworks_charge.png"],
					"firework_star_overlay.png": ["Rename", "fireworks_charge_overlay.png"],
					
					"nether_brick.png": ["Rename", "netherbrick.png"],
					
					"slime_ball.png": ["Rename", "slimeball.png"],
					
					"golden_apple.png": ["Rename", "apple_golden.png"],
					
					"cod.png"          : ["Rename", "fish_cod_raw.png"],
					"cooked_cod.png"   : ["Rename", "fish_cod_cooked.png"],
					"salmon.png"       : ["Rename", "fish_salmon_raw.png"],
					"cooked_salmon.png": ["Rename", "fish_salmon_cooked.png"],
					"tropical_fish.png": ["Rename", "fish_clownfish_raw.png"],
					"pufferfish.png"   : ["Rename", "fish_pufferfish_raw.png"],
					
					"sugar_cane.png": ["Rename", "reeds.png"],
					
					"golden_horse_armor.png": ["Rename", "gold_horse_armor.png"],
					
					"popped_chorus_fruit.png": ["Rename", "chorus_fruit_popped.png"],
					
					"scute.png"           : [],
					"turtle_egg.png"      : [],
					"nautilus_shell.png"  : [],
					"heart_of_the_sea.png": [],
					"kelp.png"            : [],
					
					"music_disc_11.png"     : ["Rename", "record_11.png"],
					"music_disc_13.png"     : ["Rename", "record_13.png"],
					"music_disc_blocks.png" : ["Rename", "record_blocks.png"],
					"music_disc_cat.png"    : ["Rename", "record_cat.png"],
					"music_disc_chirp.png"  : ["Rename", "record_chirp.png"],
					"music_disc_far.png"    : ["Rename", "record_far.png"],
					"music_disc_mall.png"   : ["Rename", "record_mall.png"],
					"music_disc_mellohi.png": ["Rename", "record_mellohi.png"],
					"music_disc_stal.png"   : ["Rename", "record_stal.png"],
					"music_disc_strad.png"  : ["Rename", "record_strad.png"],
					"music_disc_wait.png"   : ["Rename", "record_wait.png"],
					"music_disc_ward.png"   : ["Rename", "record_ward.png"],
					
					"acacia_door.png"  : ["Rename", "door_acacia.png"],
					"birch_door.png"   : ["Rename", "door_birch.png"],
					"dark_oak_door.png": ["Rename", "door_dark_oak.png"],
					"iron_door.png"    : ["Rename", "door_iron.png"],
					"jungle_door.png"  : ["Rename", "door_jungle.png"],
					"spruce_door.png"  : ["Rename", "door_spruce.png"],
					"oak_door.png"     : ["Rename", "door_wood.png"],
					
					"fermented_spider_eye.png": ["Rename", "spider_eye_fermented.png"],
					
					"map.png"                : ["Rename", "map_empty.png"],
					"filled_map.png"         : ["Rename", "map_filled.png"],
					"filled_map_markings.png": ["Rename", "map_filled_markings.png"],
					
					"minecart.png"              : ["Rename", "minecart_normal.png"],
					"chest_minecart.png"        : ["Rename", "minecart_chest.png"],
					"furnace_minecart.png"      : ["Rename", "minecart_furnace.png"],
					"hopper_minecart.png"       : ["Rename", "minecart_hopper.png"],
					"tnt_minecart.png"          : ["Rename", "minecart_tnt.png"],
					"command_block_minecart.png": ["Rename", "minecart_command_block.png"],
					
					"bow.png": ["Rename", "bow_standby.png"],
					
					"chicken.png"       : ["Rename", "chicken_raw.png"],
					"cooked_chicken.png": ["Rename", "chicken_cooked.png"],
					
					"porkchop.png"       : ["Rename", "porkchop_raw.png"],
					"cooked_porkchop.png": ["Rename", "porkchop_cooked.png"],
					
					"beef.png"       : ["Rename", "beef_raw.png"],
					"cooked_beef.png": ["Rename", "beef_cooked.png"],
					
					"rabbit.png"       : ["Rename", "rabbit_raw.png"],
					"cooked_rabbit.png": ["Rename", "rabbit_cooked.png"],
					
					"mutton.png"       : ["Rename", "mutton_raw.png"],
					"cooked_mutton.png": ["Rename", "mutton_cooked.png"],
					
					"turtle_helmet.png": [],
					
					"golden_helmet.png"    : ["Rename", "gold_helmet.png"],
					"golden_chestplate.png": ["Rename", "gold_chestplate.png"],
					"golden_leggings.png"  : ["Rename", "gold_leggings.png"],
					"golden_boots.png"     : ["Rename", "gold_boots.png"],
					
					"golden_shovel.png" : ["Rename", "gold_shovel.png"],
					"golden_pickaxe.png": ["Rename", "gold_pickaxe.png"],
					"golden_axe.png"    : ["Rename", "gold_axe.png"],
					"golden_hoe.png"    : ["Rename", "gold_hoe.png"],
					"golden_sword.png"  : ["Rename", "gold_sword.png"],
					
					"wooden_shovel.png" : ["Rename", "wood_shovel.png"],
					"wooden_pickaxe.png": ["Rename", "wood_pickaxe.png"],
					"wooden_axe.png"    : ["Rename", "wood_axe.png"],
					"wooden_hoe.png"    : ["Rename", "wood_hoe.png"],
					"wooden_sword.png"  : ["Rename", "wood_sword.png"],
					
					"trident.png": [],
					
					"melon_slice.png"           : ["Rename", "melon.png"],
					"glistering_melon_slice.png": ["Rename", "melon_speckled.png"],
					
					"baked_potato.png"    : ["Rename", "potato_baked.png"],
					"poisonous_potato.png": ["Rename", "potato_poisonous.png"],
					
					"sea_pickle.png": [],
					"seagrass.png"  : [],
					
					"glass_bottle.png"    : ["Rename", "potion_bottle_empty.png"],
					"potion.png"          : ["Rename", "potion_bottle_drinkable.png"],
					"splash_potion.png"   : ["Rename", "potion_bottle_splash.png"],
					"lingering_potion.png": ["Rename", "potion_bottle_lingering.png"],
					
					"phantom_membrane.png": [],
					"golden_carrot.png"   : ["Rename", "carrot_golden.png"],
					"dried_kelp.png"      : [],
					"armor_stand.png"     : ["Rename", "wooden_armorstand.png"],
					
					"fishing_rod.png": ["Rename", "fishing_rod_uncast.png"],
				}],
				"items/": null,
			},
			
			"blockstates/": {
				"farmland.json": ["Variable", ["File", "R/S/B/Farmland.json"], [
					"block/farmland",
					"block/bloodraw/farmland_1",
					"block/bloodraw/farmland_2",
					"block/bloodraw/farmland_3",
					"block/bloodraw/farmland_4",
					"block/bloodraw/farmland_5",
					"block/bloodraw/farmland_6",
					"block/farmland_moist",
				]],
				
				"trapdoor.json": null,
				
				"oak_trapdoor.json": ["Variable", ["File", "R/S/B/Trapdoor.json"], [
					"block/oak_trapdoor_top",
					"block/oak_trapdoor_bottom",
					"block/oak_trapdoor_open"
				]],
				"iron_trapdoor.json": ["Variable", ["File", "R/S/B/Trapdoor.json"], [
					"block/iron_trapdoor_top",
					"block/iron_trapdoor_bottom",
					"block/iron_trapdoor_open"
				]],
				"acacia_trapdoor.json": ["Variable", ["File", "R/S/B/Trapdoor.json"], [
					"block/acacia_trapdoor_top",
					"block/acacia_trapdoor_bottom",
					"block/acacia_trapdoor_open"
				]],
				"dark_oak_trapdoor.json": ["Variable", ["File", "R/S/B/Trapdoor.json"], [
					"block/dark_oak_trapdoor_top",
					"block/dark_oak_trapdoor_bottom",
					"block/dark_oak_trapdoor_open"
				]],
				"spruce_trapdoor.json": ["Variable", ["File", "R/S/B/Trapdoor.json"], [
					"block/spruce_trapdoor_top",
					"block/spruce_trapdoor_bottom",
					"block/spruce_trapdoor_open"
				]],
				"birch_trapdoor.json": ["Variable", ["File", "R/S/B/Trapdoor.json"], [
					"block/birch_trapdoor_top",
					"block/birch_trapdoor_bottom",
					"block/birch_trapdoor_open"
				]],
				"jungle_trapdoor.json": ["Variable", ["File", "R/S/B/Trapdoor.json"], [
					"block/jungle_trapdoor_top",
					"block/jungle_trapdoor_bottom",
					"block/jungle_trapdoor_open"
				]],
				
				"stone_monster_egg.json"         : null,
				"stone_brick_monster_egg.json"   : null,
				"mossy_brick_monster_egg.json"   : null,
				"cracked_brick_monster_egg.json" : null,
				"cobblestone_monster_egg.json"   : null,
				"chiseled_brick_monster_egg.json": null,
				
				"infested_stone.json"                : ["Variable", ["File", "R/S/B/Default.json"], ["block/bloodraw/stone_infested"]],
				"infested_stone_bricks.json"         : ["Variable", ["File", "R/S/B/Default.json"], ["block/bloodraw/stone_bricks_infested"]],
				"infested_mossy_stone_bricks.json"   : ["Variable", ["File", "R/S/B/Default.json"], ["block/bloodraw/stone_bricks_moss_infested"]],
				"infested_cracked_stone_bricks.json" : ["Variable", ["File", "R/S/B/Default.json"], ["block/bloodraw/stone_bricks_crack_infested"]],
				"infested_cobblestone.json"          : ["Variable", ["File", "R/S/B/Default.json"], ["block/bloodraw/cobblestone_infested"]],
				"infested_chiseled_stone_bricks.json": ["Variable", ["File", "R/S/B/Default.json"], ["block/bloodraw/stone_bricks_chiseled_infested"]]
			},
			
			"models/": {
				"item/": {
					"cake.json": ["Variable", ["File", "R/M/I/Cake.json"], ["block/cake"]],
					
					"cauldron.json": ["Variable", ["File", "R/M/I/Block.json"], ["block/cauldron"]],
					"hopper.json"  : ["Variable", ["File", "R/M/I/Block.json"], ["block/hopper"]],
					
					"comparator.json": ["Variable", ["File", "R/M/I/Repeater.json"], ["block/comparator"]],
					
					"oak_sapling.json"     : ["Variable", ["File", "R/M/I/Item.json"], ["item/bloodraw/sapling_oak"]],
					"spruce_sapling.json"  : ["Variable", ["File", "R/M/I/Item.json"], ["item/bloodraw/sapling_spruce"]],
					"birch_sapling.json"   : ["Variable", ["File", "R/M/I/Item.json"], ["item/bloodraw/sapling_birch"]],
					"jungle_sapling.json"  : ["Variable", ["File", "R/M/I/Item.json"], ["item/bloodraw/sapling_jungle"]],
					"acacia_sapling.json"  : ["Variable", ["File", "R/M/I/Item.json"], ["item/bloodraw/sapling_acacia"]],
					"dark_oak_sapling.json": ["Variable", ["File", "R/M/I/Item.json"], ["item/bloodraw/sapling_dark_oak"]],
					
					"infested_stone.json"                : ["Rename", "stone_monster_egg.json"],
					"infested_stone_bricks.json"         : ["Rename", "stone_brick_monster_egg.json"],
					"infested_mossy_stone_bricks.json"   : ["Rename", "mossy_brick_monster_egg.json"],
					"infested_cracked_stone_bricks.json" : ["Rename", "cracked_brick_monster_egg.json"],
					"infested_chiseled_stone_bricks.json": ["Rename", "chiseled_brick_monster_egg.json"],
					"infested_cobblestone.json"          : ["Rename", "cobblestone_monster_egg.json"],
				},
				
				"block/": {
					"pumpkin.json": ["Variable", ["File", "R/M/B/Cube_Column_Double.json"], [
						"block/pumpkin_side",
						"block/pumpkin_top",
						"block/bloodraw/pumpkin_bottom"
					]],
					"carved_pumpkin.json": ["Variable", ["File", "R/M/B/Cube_Column_Double_Front.json"], [
						"block/pumpkin_side",
						"block/pumpkin_top",
						"block/bloodraw/pumpkin_bottom",
						"block/carved_pumpkin"
					]],

					"lit_pumpkin.json"   : null,
					"jack_o_lantern.json": ["Variable", ["File", "R/M/B/Cube_Column_Double_Front.json"], [
						"block/bloodraw/pumpkin_side_on",
						"block/pumpkin_top",
						"block/bloodraw/pumpkin_bottom",
						"block/jack_o_lantern"
					]],
					
					"lit_redstone_ore.json": null,
					"redstone_ore_on.json" : ["Variable", ["File", "R/M/B/Cube_All.json"], ["block/bloodraw/redstone_ore_lit"]],
				
					"melon.json": ["Variable", ["File", "R/M/B/Cube_Column_Double.json"], [
						"block/melon_side",
						"block/melon_top",
						"block/bloodraw/melon_bottom"
					]],
					
					"bookshelf.json": ["Variable", ["File", "R/M/B/Cube_Column.json"], ["block/bookshelf", "block/bloodraw/bookshelf_top"]],
					
					"crafting_table.json": ["Variable", ["File", "R/M/B/Cube.json"], [
						"block/crafting_table_front",
						"block/crafting_table_side",
						"block/crafting_table_front",
						"block/crafting_table_side",
						"block/crafting_table_top",
						"block/bloodraw/crafting_table_bottom",
					]],
					
					"template_farmland.json": ["Rename", "farmland.json"],
					
					"bloodraw/farmland_1.json": ["Variable", ["File", "R/M/B/Farmland.json"], [
						"block/dirt",
						"block/bloodraw/farmland_side_1",
						"block/bloodraw/farmland_1"
					]],
					"bloodraw/farmland_2.json": ["Variable", ["File", "R/M/B/Farmland.json"], [
						"block/dirt",
						"block/bloodraw/farmland_side_2",
						"block/bloodraw/farmland_2"
					]],
					"bloodraw/farmland_3.json": ["Variable", ["File", "R/M/B/Farmland.json"], [
						"block/dirt",
						"block/bloodraw/farmland_side_3",
						"block/bloodraw/farmland_3"
					]],
					"bloodraw/farmland_4.json": ["Variable", ["File", "R/M/B/Farmland.json"], [
						"block/dirt",
						"block/bloodraw/farmland_side_4",
						"block/bloodraw/farmland_4"
					]],
					"bloodraw/farmland_5.json": ["Variable", ["File", "R/M/B/Farmland.json"], [
						"block/dirt",
						"block/bloodraw/farmland_side_5",
						"block/bloodraw/farmland_5"
					]],
					"bloodraw/farmland_6.json": ["Variable", ["File", "R/M/B/Farmland.json"], [
						"block/dirt",
						"block/bloodraw/farmland_side_6",
						"block/bloodraw/farmland_6"
					]],
					
					"farmland_moist.json": ["Variable", ["File", "R/M/B/Farmland.json"], [
						"block/dirt",
						"block/bloodraw/farmland_side_7",
						"block/farmland_moist"
					]],
					
					"slime.json"      : null,
					"slime_block.json": ["Variable", ["File", "R/M/B/Glass.json"], ["block/slime_block"]],
					
					"iron_block.json": ["Variable", ["File", "R/M/B/Cube_Column.json"], [
						"block/iron_block",
						"block/bloodraw/iron_top"
					]],
					
					"template_trapdoor_top.json"   : ["Rename", "trapdoor_top.json"],
					"template_trapdoor_bottom.json": ["Rename", "trapdoor_bottom.json"],
					"template_trapdoor_open.json"  : ["Rename", "trapdoor_open.json"],
					
					"template_orientable_trapdoor_top.json"   : ["Variable", ["File", "R/M/Parent.json"], ["block/template_trapdoor_top"]],
					"template_orientable_trapdoor_bottom.json": ["Variable", ["File", "R/M/Parent.json"], ["block/template_trapdoor_bottom"]],
					"template_orientable_trapdoor_open.json"  : ["Variable", ["File", "R/M/Parent.json"], ["block/template_trapdoor_open"]],
					
					"netherrack.json": ["Variable", ["File", "R/M/B/Cube_Column.json"], [
						"block/bloodraw/nether_side",
						"block/netherrack"
					]],
					
					"beacon.json": ["Variable", ["File", "R/M/B/Beacon.json"], [
						"block/beacon",
						"block/obsidian",
						"block/bloodraw/beacon_top",
						"block/bloodraw/beacon_side",
						"block/bloodraw/beacon_bottom"
					]],
					
					"bloodraw/stone_infested.json"                : ["Variable", ["File", "R/M/B/Cube_All.json"], ["block/bloodraw/stone_infested"]],
					"bloodraw/stone_bricks_infested.json"         : ["Variable", ["File", "R/M/B/Cube_All.json"], ["block/bloodraw/stone_bricks_infested"]],
					"bloodraw/stone_bricks_moss_infested.json"    : ["Variable", ["File", "R/M/B/Cube_All.json"], ["block/bloodraw/stone_bricks_moss_infested"]],
					"bloodraw/stone_bricks_crack_infested.json"   : ["Variable", ["File", "R/M/B/Cube_All.json"], ["block/bloodraw/stone_bricks_crack_infested"]],
					"bloodraw/stone_bricks_chiseled_infested.json": ["Variable", ["File", "R/M/B/Cube_All.json"], ["block/bloodraw/stone_bricks_chiseled_infested"]],
					"bloodraw/cobblestone_infested.json"          : ["Variable", ["File", "R/M/B/Cube_All.json"], ["block/bloodraw/cobblestone_infested"]],
					
					"glass.json": ["Variable", ["File", "R/M/B/Glass.json"], ["block/glass"]],
					
					"glass_black.json"     : null,
					"glass_blue.json"      : null,
					"glass_brown.json"     : null,
					"glass_cyan.json"      : null,
					"glass_gray.json"      : null,
					"glass_green.json"     : null,
					"glass_light_blue.json": null,
					"glass_lime.json"      : null,
					"glass_magenta.json"   : null,
					"glass_orange.json"    : null,
					"glass_pink.json"      : null,
					"glass_purple.json"    : null,
					"glass_red.json"       : null,
					"glass_silver.json"    : null,
					"glass_white.json"     : null,
					"glass_yellow.json"    : null,
					"black_stained_glass.json"     : ["Variable", ["File", "R/M/B/Glass.json"], ["block/black_stained_glass"]],
					"blue_stained_glass.json"      : ["Variable", ["File", "R/M/B/Glass.json"], ["block/blue_stained_glass"]],
					"brown_stained_glass.json"     : ["Variable", ["File", "R/M/B/Glass.json"], ["block/brown_stained_glass"]],
					"cyan_stained_glass.json"      : ["Variable", ["File", "R/M/B/Glass.json"], ["block/cyan_stained_glass"]],
					"gray_stained_glass.json"      : ["Variable", ["File", "R/M/B/Glass.json"], ["block/gray_stained_glass"]],
					"green_stained_glass.json"     : ["Variable", ["File", "R/M/B/Glass.json"], ["block/green_stained_glass"]],
					"light_blue_stained_glass.json": ["Variable", ["File", "R/M/B/Glass.json"], ["block/light_blue_stained_glass"]],
					"lime_stained_glass.json"      : ["Variable", ["File", "R/M/B/Glass.json"], ["block/lime_stained_glass"]],
					"magenta_stained_glass.json"   : ["Variable", ["File", "R/M/B/Glass.json"], ["block/magenta_stained_glass"]],
					"orange_stained_glass.json"    : ["Variable", ["File", "R/M/B/Glass.json"], ["block/orange_stained_glass"]],
					"pink_stained_glass.json"      : ["Variable", ["File", "R/M/B/Glass.json"], ["block/pink_stained_glass"]],
					"purple_stained_glass.json"    : ["Variable", ["File", "R/M/B/Glass.json"], ["block/purple_stained_glass"]],
					"red_stained_glass.json"       : ["Variable", ["File", "R/M/B/Glass.json"], ["block/red_stained_glass"]],
					"light_gray_stained_glass.json": ["Variable", ["File", "R/M/B/Glass.json"], ["block/light_gray_stained_glass"]],
					"white_stained_glass.json"     : ["Variable", ["File", "R/M/B/Glass.json"], ["block/white_stained_glass"]],
					"yellow_stained_glass.json"    : ["Variable", ["File", "R/M/B/Glass.json"], ["block/yellow_stained_glass"]],
					
					"mob_spawner_cage.json": null,
					"spawner.json"         : ["Variable", ["File", "R/M/B/Glass.json"], ["block/spawner"]],
				}
			}
		}
	}
}