{
	"Parent": "c0.0.13",
	
	"ID"  : "c0.30",
	"Name": "Classic 0.30",
	"Type": "Version",
	"Dev" : false,
	
	"Add": ["ReplacePack"],
	
	"Files": {
		"clouds.png" : ["Texture", "R/T/O/Clouds.file"],
		"default.png": ["Texture", "R/T/U/Font/ASCII.file"],
		
		"terrain.png": [ "Atlas", {
				"0" : {
					"2" : ["Texture", "R/T/B/Gold_Ore.png"],
					"3" : ["Texture", "R/T/B/Sponge/Default.png"],
					"4" : ["Texture", "R/T/B/Wool/White.file", [["Multiply", "#FE3939"]]],
					"15" : ["Texture", "R/T/B/Destroy/0.png", [["Background", "#7F7F7F"]]]
				},
				"1" : {
					"2" : ["Texture", "R/T/B/Iron_Ore.png"],
					"3" : ["Texture", "R/T/B/Glass/Default.file"],
					"4" : ["Texture", "R/T/B/Wool/White.file", [["Multiply", "#FE9B39"]]],
					"15" : ["Texture", "R/T/B/Destroy/1.png", [["Background", "#7F7F7F"]]]
				},
				"2" : {
					"1" : ["Texture", "R/T/B/Sand.png"],
					"2" : ["Texture", "R/T/B/Coal_Ore.png"],
					"4" : ["Texture", "R/T/B/Wool/White.file", [["Multiply", "#FEFE39"]]],
					"15" : ["Texture", "R/T/B/Destroy/2.png", [["Background", "#7F7F7F"]]]
				},
				"3" : {
					"1" : ["Texture", "R/T/B/Gravel.png"],
					"2" : ["Texture", "R/T/B/Bookshelf.png"],
					"4" : ["Texture", "R/T/B/Wool/White.file", [["Multiply", "#9BFE39"]]],
					"15" : ["Texture", "R/T/B/Destroy/3.png", [["Background", "#7F7F7F"]]]
				},
				"4" : {
					"1" : ["Texture", "R/T/B/Log/Oak.png"],
					"2" : ["Texture", "R/T/B/Stone_Cobblestone_Moss.png"],
					"4" : ["Texture", "R/T/B/Wool/White.file", [["Multiply", "#39FE39"]]],
					"15" : ["Texture", "R/T/B/Destroy/4.png", [["Background", "#7F7F7F"]]]
				},
				"5" : {
					"0" : ["Texture", "R/T/B/Stone_Slab_Side.png"],
					"1" : ["Texture", "R/T/B/Log/Oak_Top.file"],
					"2" : ["Texture", "R/T/B/Obsidian.png"],
					"4" : ["Texture", "R/T/B/Wool/White.file", [["Multiply", "#39FE9B"]]],
					"15" : ["Texture", "R/T/B/Destroy/5.png", [["Background", "#7F7F7F"]]]
				},
				"6" : {
					"0" : ["Texture", "R/T/B/Stone_Slab.png"],
					"1" : ["Texture", "R/T/B/Leaves/Old_Solid.file"],
					"4" : ["Texture", "R/T/B/Wool/White.file", [["Multiply", "#39FEFE"]]],
					"15" : ["Texture", "R/T/B/Destroy/6.png", [["Background", "#7F7F7F"]]]
				},
				"7" : {
					"0" : ["Texture", "R/T/B/Bricks.png"],
					"1" : ["Texture", "R/T/B/Iron.png"],
					"2" : ["Texture", "R/T/B/Iron.png"],
					"3" : ["Texture", "R/T/B/Iron.png"],
					"4" : ["Texture", "R/T/B/Wool/White.file", [["Multiply", "#78BAFE"]]],
					"15" : ["Texture", "R/T/B/Destroy/7.png", [["Background", "#7F7F7F"]]]
				},
				"8" : {
					"0" : ["Texture", "R/T/B/TNT.png"],
					"1" : ["Texture", "R/T/B/Gold.png"],
					"2" : ["Texture", "R/T/B/Gold.png"],
					"3" : ["Texture", "R/T/B/Gold.png"],
					"4" : ["Texture", "R/T/B/Wool/White.file", [["Multiply", "#8A8AFE"]]],
					"15" : ["Texture", "R/T/B/Destroy/8.png", [["Background", "#7F7F7F"]]]
				},
				"9" : {
					"0" : ["Texture", "R/T/B/TNT_Top.png"],
					"4" : ["Texture", "R/T/B/Wool/White.file", [["Multiply", "#9B39FE"]]],
					"15" : ["Texture", "R/T/B/Destroy/9.png"  , [["Background", "#7F7F7F"]]]
				},
				"10" : {
					"0" : ["Texture", "R/T/B/TNT_Bottom.png"],
					"4" : ["Texture", "R/T/B/Wool/White.file", [["Multiply", "#C754FE"]]]
				},
				"11" : {
					"0" : ["Texture", "R/T/B/Web.png"],
					"4" : ["Texture", "R/T/B/Wool/White.file", [["Multiply", "#FE39FE"]]]
				},
				"12" : {
					"0" : ["Texture", "R/T/B/Flower.png"],
					"1" : ["Texture", "R/T/B/Mushroom_Red.png"],
					"4" : ["Texture", "R/T/B/Wool/White.file", [["Multiply", "#FE399B"]]]
				},
				"13" : {
					"0" : ["Texture", "R/T/B/Flower_Yellow.png"],
					"1" : ["Texture", "R/T/B/Mushroom.png"],
					"4" : ["Texture", "R/T/B/Wool/White.file", [["Multiply", "#5E5E5E"]]]
				},
				"14" : {
					"4" : ["Texture", "R/T/B/Wool/White.file", [["Multiply", "#A6A6A6"]]]
				},
				"15" : {
					"4" : ["Texture", "R/T/B/Wool/White.file"]
				}
			}
		],
		
		"rain.png": ["Texture", "R/T/O/Rain.png"],
		
		"armor/chain.png": ["Texture", "R/T/E/Player/Armor/Chain.png", [["Crop", 0, 0, 64, 32]]],
		
		"item/sign.png"  : ["Texture", "R/T/E/Sign/Oak.png"],
		"item/arrows.png": ["Texture", "R/T/E/Arrow/Old.file"],
		
		"mob/creeper.png"  : ["Texture", "R/T/E/Creeper/Default.png"],
		"mob/pig.png"      : ["Texture", "R/T/E/Pig/Default.png"],
		"mob/sheep.png"    : ["Texture", "R/T/E/Sheep/Default.png"],
		"mob/sheep_fur.png": ["Texture", "R/T/E/Sheep/Fur.file"],
		"mob/skeleton.png" : ["Texture", "R/T/E/Skeleton/Default.png"],
		"mob/spider.png"   : ["Texture", "R/T/E/Spider/Default.file"],
		"mob/zombie.png"   : ["Texture", "R/T/E/Zombie/Default.png", [["Crop", 64, 32]]],
		
		"particles.png": [ "Atlas", {
				"Size" : [16, 16],
				"Scale": [8 , 8 ],
				"0" : {
					"0" : ["Texture", "R/T/P/Cloud.png"],
					"1" : ["Texture", "R/T/P/Splash.file"]
				}
			}
		],
		
		"gui/gui.png": [ "Atlas", {
				"Size" : [256, 256],
				"0" : {
					"0" : ["Texture", "R/T/U/Hotbar.file"],
					"22" : ["Texture", "R/T/U/Hotbar_Slot_Selected.png"],
					"46" : ["Texture", "R/T/U/Button_Disabled.png"],
					"66" : ["Texture", "R/T/U/Button.png"],
					"86" : ["Texture", "R/T/U/Button_Hover.png"]
				},
				"208" : {
					"0" : ["Texture", "R/T/U/Realms_Bulb.png"]
				},
				"224" : {
					"0" : ["Texture", "R/T/U/Realms_Bulb_Disabled.png"]
				},
				"240" : {
					"0" : ["Texture", "R/T/U/Realms_Crosshair.png"]
				}
			}
		],
		
		"gui/icons.png": [ "Atlas", {
				"Size" : [256, 256],
				"0" : {
					"0" : ["Texture", "R/T/U/Crosshair.png"]
				},
				"16" : {
					"0" : ["Texture", "R/T/U/Health/Empty.png"],
					"9" : ["Texture", "R/T/U/Armor.png"],
					"18" : ["Texture", "R/T/U/Oxygen.png"]
				},
				"25" : {
					"0" : ["Texture", "R/T/U/Health/Empty.png"],
					"9" : ["Texture", "R/T/U/Armor_Half.png"],
					"18" : ["Texture", "R/T/U/Oxygen_Pop.png"]
				},
				"34" : {
					"0" : ["Texture", "R/T/U/Health/Empty.png"],
					"9" : ["Texture", "R/T/U/Armor_Empty.png"]
				},
				"43" : {
					"0" : ["Texture", "R/T/U/Health/Empty.png"]
				},
				"52" : {
					"0" : ["Texture", "R/T/U/Health/Full.png"]
				},
				"61" : {
					"0" : ["Texture", "R/T/U/Health/Half.png"]
				},
				"70" : {
					"0" : ["Texture", "R/T/U/Health/Full.png"]
				},
				"79" : {
					"0" : ["Texture", "R/T/U/Health/Half.png"]
				}
			}
		]
	}
}