{
	"Parent": "c0.30",
	
	"ID"  : "inf20100618",
	"Name": "Infdev 20100618",
	"Type": "Version",
	"Dev" : false,
	
	"Add": ["ReplacePack"],
	
	"Files": {
		"shadow.png"  : ["Texture", "R/T/P/Shadow.png"],
		"fluff.png"   : ["Texture", "R/T/B/Snow.png"],
		
		"armor/chain_1.png"  : ["Replace", "armor/chain.png"],
		"armor/chain_2.png"  : ["Texture", "R/T/E/Player/Armor/Chain.png", [["Crop", 0, 32, 64, 32]]],
		"armor/cloth_1.png"  : ["Texture", "R/T/E/Player/Armor/Leather.file", [["Crop", 0, 0, 64, 32]]],
		"armor/cloth_2.png"  : ["Texture", "R/T/E/Player/Armor/Leather.file", [["Crop", 0, 32, 64, 32]]],
		"armor/diamond_1.png": ["Texture", "R/T/E/Player/Armor/Diamond.png", [["Crop", 0, 0, 64, 32]]],
		"armor/diamond_2.png": ["Texture", "R/T/E/Player/Armor/Diamond.png", [["Crop", 0, 32, 64, 32]]],
		"armor/gold_1.png"   : ["Texture", "R/T/E/Player/Armor/Gold.png", [["Crop", 0, 0, 64, 32]]],
		"armor/gold_2.png"   : ["Texture", "R/T/E/Player/Armor/Gold.png", [["Crop", 0, 32, 64, 32]]],
		"armor/iron_1.png"   : ["Texture", "R/T/E/Player/Armor/Iron.png", [["Crop", 0, 0, 64, 32]]],
		"armor/iron_2.png"   : ["Texture", "R/T/E/Player/Armor/Iron.png", [["Crop", 0, 32, 64, 32]]],
		
		"art/kz.png": [ "Atlas", {
				"Empty": ["Texture", "R/T/Error.png"],
				"Size"  : [16, 16],
				"Scale" : [16, 16],
				"0" : {
					"0" : ["Painting", 1, 1],
					"2" : ["Painting", 2, 1],
					"4" : ["Painting", 1, 2],
					"5" : false,
					"6" : ["Painting", 4, 2],
					"7" : false,
					"8" : ["Painting", 2, 2],
					"9" : false,
					"12" : ["Painting", true],
					"13" : false,
					"14" : false,
					"15" : false
				},
				"1" : {
					"0" : ["Painting", 1, 1],
					"2" : false,
					"6" : false,
					"7" : false,
					"8" : false,
					"9" : false,
					"12" : false,
					"13" : false,
					"14" : false,
					"15" : false
				},
				"2" : {
					"0" : ["Painting", 1, 1],
					"2" : ["Painting", 2, 1],
					"6" : false,
					"7" : false,
					"8" : ["Painting", 2, 2],
					"9" : false,
					"12" : false,
					"13" : false,
					"14" : false,
					"15" : false
				},
				"3" : {
					"0" : ["Painting", 1, 1],
					"2" : false,
					"6" : false,
					"7" : false,
					"8" : false,
					"9" : false,
					"12" : false,
					"13" : false,
					"14" : false,
					"15" : false
				},
				"4" : {
					"0" : ["Painting", 1, 1],
					"2" : ["Painting", 2, 1],
					"8" : ["Painting", 2, 2],
					"9" : false
				},
				"5" : {
					"0" : ["Painting", 1, 1],
					"2" : false,
					"8" : false,
					"9" : false
				},
				"6" : {
					"0" : ["Painting", 1, 1],
					"2" : ["Painting", 2, 1],
					"8" : ["Painting", 2, 2],
					"9" : false
				},
				"7" : {
					"2" : false,
					"8" : false,
					"9" : false
				},
				"8" : {
					"8" : ["Painting", 2, 2],
					"9" : false
				},
				"9" : {
					"8" : false,
					"9" : false
				},
				"12" : {
					"0" : ["Texture", "R/T/A/Backface.png"],
					"1" : false,
					"2" : false,
					"3" : false
				},
				"13" : {
					"0" : false,
					"1" : false,
					"2" : false,
					"3" : false
				},
				"14" : {
					"0" : false,
					"1" : false,
					"2" : false,
					"3" : false
				},
				"15" : {
					"0" : false,
					"1" : false,
					"2" : false,
					"3" : false
				}
			}
		],
		
		"gui/icons.png": [ "Atlas", {
				"16" : {
					"9" : ["Texture", "R/T/U/Armor_Empty.png"]
				},
				"25" : {
					"9" : ["Texture", "R/T/U/Armor_Half.png", [["Flip", true]]]
				},
				"34" : {
					"9" : ["Texture", "R/T/U/Armor.png"]
				},
				"43" : {
					"9" : ["Texture", "R/T/U/Armor.png"]
				}
			}
		],
		
		"item/cart.png": ["Texture", "R/T/E/Minecart/Default.png"],
		
		"mob/spider_eyes.png": ["Texture", "R/T/E/Spider/Eyes.png"],
		
		"terrain/sun.png" : ["Texture", "R/T/O/Sun.png"],
		"terrain/moon.png": ["Texture", "R/T/O/Moon.file"],
		
		"particles.png": [ "Atlas", {
				"0" : {
					"2" : ["Texture", "R/T/P/Bubble.png"],
					"3" : ["Texture", "R/T/P/Fire.file"]
				},
				"1" : {
					"3" : ["Texture", "R/T/P/Lava.png"]
				}
			}
		],
		
		"terrain.png": [ "Atlas", {
				"0" : {
					"5" : ["Animation", ["Texture", "R/T/B/Torch.file"], false],
					"7" : ["Texture", "R/T/B/Rail_Corner.png"],
					"8" : ["Texture", "R/T/B/Rail.png"]
				},
				"1" : {
					"5" : ["Texture", "R/T/B/Door/Oak.png"],
					"6" : false
				},
				"2" : {
					"3" : ["Texture", "R/T/B/Diamond_Ore.png"],
					"5" : ["Texture", "R/T/B/Door/Oak.png", [["Flip", true]]],
					"6" : false
				},
				"3" : {
					"5" : ["Texture", "R/T/B/Ladder.png"]
				},
				"4" : {
					"3" : ["Texture", "R/T/B/Leaves/Old.file"]
				},
				"5" : {
					"3" : ["Texture", "R/T/B/Leaves/Old_Solid.file"]
				},
				"6" : {
					"1" : ["Texture", "R/T/B/Iron_Top.png"],
					"2" : ["Texture", "R/T/B/Iron.png"],
					"3" : ["Texture", "R/T/B/Iron_Top.png"],
					"5" : ["Texture", "R/T/B/Farmland/7.png"]
				},
				"7" : {
					"1" : ["Texture", "R/T/B/Gold.png"],
					"2" : ["Texture", "R/T/B/Gold.png"],
					"3" : ["Texture", "R/T/B/Gold.png"],
					"5" : ["Texture", "R/T/B/Farmland/0.png"]
				},
				"8" : {
					"1" : ["Texture", "R/T/B/Diamond.png"],
					"2" : ["Texture", "R/T/B/Diamond.png"],
					"3" : ["Texture", "R/T/B/Diamond.png"],
					"5" : ["Texture", "R/T/B/Wheat/0.png"]
				},
				"9" : {
					"1" : ["Texture", "R/T/B/Chest_Top.png"],
					"2" : ["Texture", "R/T/B/Chest_Left.png"],
					"3" : ["Texture", "R/T/B/Chest_Left_Back.png"],
					"5" : ["Texture", "R/T/B/Wheat/1.png"]
				},
				"10" : {
					"1" : ["Texture", "R/T/B/Chest_Side.png"],
					"2" : ["Texture", "R/T/B/Chest_Right.png"],
					"3" : ["Texture", "R/T/B/Chest_Right_Back.png"],
					"5" : ["Texture", "R/T/B/Wheat/2.png"]
				},
				"11" : {
					"1" : ["Texture", "R/T/B/Chest.png"],
					"2" : ["Texture", "R/T/B/Workbench.png"],
					"3" : ["Texture", "R/T/B/Workbench_Side.png"],
					"5" : ["Texture", "R/T/B/Wheat/3.png"]
				},
				"12" : {
					"2" : ["Texture", "R/T/B/Furnace.png"],
					"3" : ["Texture", "R/T/B/Workbench_Side_2.png"],
					"5" : ["Texture", "R/T/B/Wheat/4.png"]
				},
				"13" : {
					"2" : ["Texture", "R/T/B/Mechanism.png"],
					"3" : ["Animation", ["Texture", "R/T/B/Furnace_On.png"], false],
					"5" : ["Texture", "R/T/B/Wheat/5.png"],
					"12" : ["Texture", "R/T/B/Water_Single.file"],
					"14" : ["Animation", ["Texture", "R/T/B/Liquid/Lava.png"], false]
				},
				"14" : {
					"0" : null,
					"1" : null,
					"5" : ["Texture", "R/T/B/Wheat/6.png"],
					"12" : ["Animation", ["Texture", "R/T/B/Liquid/Water_Flow.file"], false],
					"13" : false,
					"14" : ["Animation", ["Texture", "R/T/B/Liquid/Lava_Flow.png"], false],
					"15" : false
				},
				"15" : {
					"1" : ["Animation", ["Texture", "R/T/B/Fire.file"], false],
					"5" : ["Texture", "R/T/B/Wheat/7.png"],
					"12" : false,
					"13" : false,
					"14" : false,
					"15" : false
				}
			}
		],
		
		"gui/logo.png": ["Texture", "R/T/U/Logo.png", [["NewSize", 256, 256]]],
		
		"gui/items.png": [ "Atlas", {
				"Empty": ["Texture", "R/T/Error.png"],
				"Size" : [16, 16],
				"Scale": [16, 16],
				"0" : {
					"0" : ["Texture", "R/T/I/Helmet/Leather.file"],
					"1" : ["Texture", "R/T/I/Chestplate/Leather.file"],
					"2" : ["Texture", "R/T/I/Pants/Leather.file"],
					"3" : ["Texture", "R/T/I/Boots/Leather.file"],
					"4" : ["Texture", "R/T/I/Sword/Wood.png"],
					"5" : ["Texture", "R/T/I/Shovel/Wood.png"],
					"6" : ["Texture", "R/T/I/Pickaxe/Wood.png"],
					"7" : ["Texture", "R/T/I/Axe/Wood.png"],
					"8" : ["Texture", "R/T/I/Hoe/Wood.png"]
				},
				"1" : {
					"0" : ["Texture", "R/T/I/Helmet/Chain.png"],
					"1" : ["Texture", "R/T/I/Chestplate/Chain.png"],
					"2" : ["Texture", "R/T/I/Pants/Chain.png"],
					"3" : ["Texture", "R/T/I/Boots/Chain.png"],
					"4" : ["Texture", "R/T/I/Sword/Stone.png"],
					"5" : ["Texture", "R/T/I/Shovel/Stone.png"],
					"6" : ["Texture", "R/T/I/Pickaxe/Stone.png"],
					"7" : ["Texture", "R/T/I/Axe/Stone.png"],
					"8" : ["Texture", "R/T/I/Hoe/Stone.png"]
				},
				"2" : {
					"0" : ["Texture", "R/T/I/Helmet/Iron.png"],
					"1" : ["Texture", "R/T/I/Chestplate/Iron.png"],
					"2" : ["Texture", "R/T/I/Pants/Iron.png"],
					"3" : ["Texture", "R/T/I/Boots/Iron.png"],
					"4" : ["Texture", "R/T/I/Sword/Iron.png"],
					"5" : ["Texture", "R/T/I/Shovel/Iron.png"],
					"6" : ["Texture", "R/T/I/Pickaxe/Iron.png"],
					"7" : ["Texture", "R/T/I/Axe/Iron.png"],
					"8" : ["Texture", "R/T/I/Hoe/Iron.png"]
				},
				"3" : {
					"0" : ["Texture", "R/T/I/Helmet/Diamond.png"],
					"1" : ["Texture", "R/T/I/Chestplate/Diamond.png"],
					"2" : ["Texture", "R/T/I/Pants/Diamond.png"],
					"3" : ["Texture", "R/T/I/Boots/Diamond.png"],
					"4" : ["Texture", "R/T/I/Sword/Diamond.png"],
					"5" : ["Texture", "R/T/I/Shovel/Diamond.png"],
					"6" : ["Texture", "R/T/I/Pickaxe/Diamond.png"],
					"7" : ["Texture", "R/T/I/Axe/Diamond.png"],
					"8" : ["Texture", "R/T/I/Hoe/Diamond.png"]
				},
				"4" : {
					"0" : ["Texture", "R/T/I/Helmet/Gold.png"],
					"1" : ["Texture", "R/T/I/Chestplate/Gold.png"],
					"2" : ["Texture", "R/T/I/Pants/Gold.png"],
					"3" : ["Texture", "R/T/I/Boots/Gold.png"],
					"4" : ["Texture", "R/T/I/Sword/Gold.png"],
					"5" : ["Texture", "R/T/I/Shovel/Gold.png"],
					"6" : ["Texture", "R/T/I/Pickaxe/Gold.png"],
					"7" : ["Texture", "R/T/I/Axe/Gold.png"],
					"8" : ["Texture", "R/T/I/Hoe/Gold.png"]
				},
				"5" : {
					"0" : ["Texture", "R/T/I/Lighter.png"],
					"1" : ["Texture", "R/T/I/Bow/Default.png"],
					"2" : ["Texture", "R/T/I/Arrow/Default.png"],
					"3" : ["Texture", "R/T/I/Stick.png"]
				},
				"6" : {
					"0" : ["Texture", "R/T/I/Flint.png"],
					"2" : ["Texture", "R/T/I/Quiver.png"]
				},
				"7" : {
					"0" : ["Texture", "R/T/I/Coal/Default.png"],
					"1" : ["Texture", "R/T/I/Ingot/Iron.png"],
					"2" : ["Texture", "R/T/I/Ingot/Gold.png"],
					"3" : ["Texture", "R/T/I/Gem/Diamond.png"],
					"4" : ["Texture", "R/T/I/Bowl/Default.png"],
					"5" : ["Texture", "R/T/I/Meat/Pig.png"],
					"8" : ["Texture", "R/T/I/Minecart/Default.png"]
				},
				"8" : {
					"0" : ["Texture", "R/T/I/String.png"],
					"1" : ["Texture", "R/T/I/Feather.png"],
					"2" : ["Texture", "R/T/I/Gunpowder.png"],
					"4" : ["Texture", "R/T/I/Bowl/Mushroom.png"],
					"5" : ["Texture", "R/T/I/Meat/Cooked/Pig.png"]
				},
				"9" : {
					"0" : ["Texture", "R/T/I/Seeds/Wheat.png"],
					"1" : ["Texture", "R/T/I/Wheat.png"],
					"2" : ["Texture", "R/T/I/Bread.png"]
				},
				"10" : {
					"0" : ["Texture", "R/T/I/Apple/Default.png"],
					"1" : ["Texture", "R/T/I/Painting.png"],
					"2" : ["Texture", "R/T/I/Sign.png"],
					"4" : ["Texture", "R/T/I/Bucket/Default.png"]
				},
				"11" : {
					"0" : ["Texture", "R/T/I/Apple/Gold.png"],
					"2" : ["Texture", "R/T/I/Door/Oak.png"],
					"4" : ["Animation", ["Texture", "R/T/I/Bucket/Water.png"], false]
				},
				"12" : {
					"4" : ["Animation", ["Texture", "R/T/I/Bucket/Lava.png"], false]
				},
				"15" : {
					"0" : ["Texture", "R/T/U/Slot/Require/Helmet.png"],
					"1" : ["Texture", "R/T/U/Slot/Require/Chestplate.png"],
					"2" : ["Texture", "R/T/U/Slot/Require/Pants.png"],
					"3" : ["Texture", "R/T/U/Slot/Require/Boots.png"]
				}
			}
		],
		
		"gui/inventory.png": ["Texture", "R/T/U/Inventory_Old.file"],
		"gui/crafting.png" : ["Texture", "R/T/U/Workbench.file"],
		"gui/furnace.png"  : ["Texture", "R/T/U/Furnace.file"],
		"gui/container.png": ["Texture", "R/T/U/Container.file"]
	}
}